Product Name,Region,Sales,Profit,Discount,Category,Date
Samsung Convoy 3,Central US,221.98,62.15,0,Technology,11/13/2014
"Novimex Executive Leather Armchair, Black",Oceania,3709.4,-288.77,0.1,Furniture,02-07-2014
"Nokia Smart Phone, with Caller ID",Oceania,5175.17,919.97,0.1,Technology,10/18/2014
"Motorola Smart Phone, Cordless",Western Europe,2892.51,-96.54,0.1,Technology,1/30/2014
"Sharp Wireless Fax, High-Speed",Western Africa,2832.96,311.52,0,Technology,11-06-2014
"Samsung Smart Phone, with Caller ID",Oceania,2862.68,763.28,0.1,Technology,07-01-2014
"Novimex Executive Leather Armchair, Adjustable",Oceania,1822.08,564.84,0,Furniture,11-08-2012
"Chromcraft Conference Table, Fully Assembled",Oceania,5244.84,996.48,0,Furniture,4/18/2013
"Sauder Facets Collection Library, Sky Alder Finish",Central US,341.96,54.71,0,Furniture,11/13/2014
"Global Push Button Manager's Chair, Indigo",Western US,48.71,5.48,0.2,Furniture,03-07-2012
Newell 330,Western US,17.94,4.66,0,Office Supplies,03-07-2012
"Bevis Conference Table, Fully Assembled",Southern Asia,4626.15,647.55,0,Furniture,4/22/2013
"Cisco Smart Phone, with Caller ID",Western Asia,2616.96,1151.4,0,Technology,12/28/2012
"Harbour Creations Executive Leather Armchair, Adjustable",South America,2221.8,622.02,0,Furniture,11/13/2013
"KitchenAid Microwave, White",Eastern Asia,3701.52,1036.08,0,Office Supplies,06-08-2014
"Breville Refrigerator, Red",Western Europe,1869.59,186.95,0.1,Office Supplies,08-03-2015
Akro Stacking Bins,Central US,12.62,-2.52,0.2,Office Supplies,2/25/2012
"Hoover Stove, Red",Southern Europe,7958.58,3979.08,0,Office Supplies,9/14/2015
"Brother Fax Machine, High-Speed",Oceania,2565.59,28.4,0.1,Technology,02-01-2015
"KitchenAid Stove, White",Eastern Africa,3409.74,818.28,0,Office Supplies,12-07-2015
"Hon Computer Table, with Bottom Storage",Eastern Europe,1977.72,276.84,0,Furniture,08-10-2013
"Carina 42""Hx23 3/4""W Media Storage Unit",Western US,242.94,4.86,0,Office Supplies,03-07-2012
"SAFCO Executive Leather Armchair, Black",Eastern Asia,2754,358.02,0,Furniture,05-02-2012
"KitchenAid Refrigerator, Black",Northern Europe,5273.7,1898.4,0,Office Supplies,03-01-2014
"Motorola Smart Phone, Full Size",Central America,1713.84,445.52,0,Technology,08-01-2015
"Hon Computer Table, Fully Assembled",Central America,2106.5,526.5,0.2,Furniture,09-08-2015
"Lesro Conference Table, with Bottom Storage",Eastern Asia,1715.16,720.36,0,Furniture,12/19/2012
"Hoover Stove, Red",Western Europe,3069.74,1364.24,0.1,Office Supplies,3/16/2012
Staples,Eastern US,247.84,121.44,0,Office Supplies,4/23/2012
"Office Star Executive Leather Armchair, Red",Southern Asia,1878.72,582.36,0,Furniture,2/24/2013
"Samsung Smart Phone, VoIP",Caribbean,1696.64,-148.46,0.2,Technology,12/29/2012
"Okidata Inkjet, Wireless",Western Europe,2402.87,763.16,0.15,Technology,7/19/2013
Geemarc AmpliPOWER60,Western US,668.16,75.17,0.2,Technology,12/31/2013
"Breville Stove, Red",Oceania,2526.93,561.48,0.1,Office Supplies,11-04-2012
Fellowes Super Stor/Drawer Files,Western US,323.1,61.39,0,Office Supplies,12/31/2013
"Apple Smart Phone, Full Size",Central Africa,3817.26,1068.66,0,Technology,9/14/2012
"Iceberg Nesting Folding Chair, 19w x 6d x 43h",Western US,279.46,20.96,0.2,Furniture,5/18/2012
"Verbatim 25 GB 6x Blu-ray Single Layer Recordable Disc, 10/Pack",Eastern US,34.77,11.47,0,Technology,12/31/2012
"Brother Fax Machine, Laser",Northern Europe,4141.02,1697.67,0,Technology,1/18/2015
"Nokia Smart Phone, with Caller ID",Oceania,2875.1,511.1,0.1,Technology,01-11-2012
"Motorola Smart Phone, Full Size",Southeastern Asia,3200.6,-77.2,0.17,Technology,8/26/2014
"Motorola Smart Phone, with Caller ID",Southern Asia,4518.78,632.52,0,Technology,11/15/2015
"Sauder Classic Bookcase, Traditional",Southern Asia,5667.87,2097.03,0,Furniture,9/28/2015
"Motorola Smart Phone, Cordless",Northern Europe,5785.02,404.73,0,Technology,12/17/2013
"Cuisinart Stove, Silver",Western Europe,3018.62,377.24,0.2,Office Supplies,9/24/2012
"Eldon Image Series Desk Accessories, Ebony",Southern US,86.45,38.04,0,Furniture,3/26/2014
"Office Star Executive Leather Armchair, Adjustable",Western Europe,2092.5,720.75,0.1,Furniture,03-08-2014
"Novimex Executive Leather Armchair, Red",Eastern Asia,2761.2,110.34,0,Furniture,8/29/2015
"Konica Inkjet, White",Southern Asia,2174.13,500.01,0,Technology,05-01-2015
"Harbour Creations Executive Leather Armchair, Black",South America,3473.14,868.12,0,Furniture,12/20/2015
GBC VeloBind Cover Sets,Western US,49.41,18.53,0.2,Office Supplies,10/27/2012
"Canon Copy Machine, Color",Southern Asia,2108.64,527.04,0,Technology,9/21/2015
Avery 51,Eastern US,18.9,8.69,0,Office Supplies,12/31/2012
"Safco Classic Bookcase, Pine",Eastern Asia,2197.5,153.75,0,Furniture,12/19/2012
"Motorola Smart Phone, with Caller ID",Eastern Africa,2582.16,593.88,0,Technology,12/18/2014
"Hewlett Wireless Fax, Color",Southern Asia,1526.52,732.72,0,Technology,5/31/2013
"ACCOHIDE 3-Ring Binder, Blue, 1""",Eastern US,9.91,3.35,0.2,Office Supplies,4/23/2012
"Chromcraft Conference Table, with Bottom Storage",Southern Asia,1745.34,226.86,0,Furniture,5/28/2013
"Breville Refrigerator, White",Oceania,4191.51,1164.27,0.1,Office Supplies,08-06-2015
EcoTones Memo Sheets,Western US,8,3.84,0,Office Supplies,5/18/2012
"Safco Classic Bookcase, Metal",Southern Asia,3063.27,581.91,0,Furniture,3/13/2015
Avery Fluorescent Highlighter Four-Color Set,Eastern US,18.7,2.34,0.2,Office Supplies,12/23/2015
"Samsung Smart Phone, Cordless",Western Europe,4473,313.11,0,Technology,8/16/2015
"Apple Audio Dock, with Caller ID",Western Europe,1502.01,225.18,0,Technology,09-03-2014
"SAFCO Executive Leather Armchair, Black",Eastern Asia,5049,656.37,0,Furniture,1/23/2015
Cisco CP-7937G Unified IP Conference Station Phone,Southern US,695.7,-27.83,0.5,Technology,01-05-2015
"Safco Classic Bookcase, Metal",Southern Europe,2188.05,1050.15,0,Furniture,12-08-2015
"Chromcraft Wood Table, Rectangular",Southern Asia,1920.36,652.92,0,Furniture,12/19/2015
"Samsung Smart Phone, Cordless",Central America,1704,119.28,0,Technology,11/20/2015
"Chromcraft Round Table, Rectangular",Eastern Europe,1858.68,130.08,0,Furniture,11-10-2012
"Harbour Creations Executive Leather Armchair, Adjustable",Eastern Asia,3298.26,1055.25,0,Furniture,06-09-2014
"Hamilton Beach Microwave, Black",Central America,2443.48,121.94,0,Office Supplies,11/22/2012
"Harbour Creations Executive Leather Armchair, Adjustable",Central Africa,3808.8,1523.52,0,Furniture,3/31/2014
"Bevis Conference Table, with Bottom Storage",Southeastern Asia,3427.15,-452.81,0.47,Furniture,8/27/2015
"Nokia Smart Phone, Full Size",Northern Europe,3441.69,38.07,0.1,Technology,9/22/2013
"Apple Smart Phone, Cordless",Oceania,2863.35,858.9,0.1,Technology,5/18/2015
Bady BDG101FRU Card Printer,Central US,1439.98,-264,0.4,Technology,08-08-2015
"Brother Ink, Color",Western Europe,1487.4,728.7,0,Technology,11/25/2014
"Sharp Wireless Fax, Digital",Eastern Asia,3200.04,1183.95,0,Technology,11-10-2012
"Novimex Executive Leather Armchair, Red",Southern Asia,2301,91.95,0,Furniture,10/27/2012
"Hon Executive Leather Armchair, Adjustable",Western Europe,5729.35,63.55,0.1,Furniture,11/23/2015
"Canon Wireless Fax, Laser",North Africa,5301.24,2597.28,0,Technology,10/30/2015
"Atlantic Metals Mobile 4-Shelf Bookcases, Custom Colors",Western US,477.67,84.29,0.15,Furniture,9/28/2014
"Avery Trapezoid Extra Heavy Duty 4"" Binders",Western US,88.07,-58.72,0.7,Office Supplies,09-06-2015
"Motorola Smart Phone, Full Size",Western Europe,3219.9,965.85,0,Technology,02-05-2014
"Hamilton Beach Refrigerator, Black",Southeastern Asia,2487.81,-269.79,0.17,Office Supplies,9/21/2013
"Hoover Stove, White",North Africa,2266.44,113.28,0,Office Supplies,11/23/2014
"Brother Wireless Fax, Laser",Oceania,3068.36,1124.9,0.1,Technology,6/13/2013
"Ikea Classic Bookcase, Mobile",Southern Asia,3728.43,1192.86,0,Furniture,10/31/2014
"Canon Copy Machine, Color",Eastern Asia,1581.48,0,0,Technology,12/14/2014
"Nokia Smart Phone, with Caller ID",Southern Asia,1916.73,498.33,0,Technology,5/28/2013
"Lesro Sheffield Collection Coffee Table, End Table, Center Table, Corner Table",Western US,171.29,-6.42,0.2,Furniture,10-09-2015
"Hamilton Beach Stove, White",Western Europe,2432.16,513.36,0.1,Office Supplies,12-02-2014
Avery Recycled Flexi-View Covers for Binding Systems,Southern US,28.85,-21.16,0.7,Office Supplies,01-05-2015
"Office Star Executive Leather Armchair, Red",Southeastern Asia,2465.82,197.19,0.25,Furniture,1/30/2014
"Bevis Conference Table, with Bottom Storage",Oceania,1847.52,738.96,0,Furniture,05-07-2013
"Ikea Classic Bookcase, Mobile",Western Europe,2899.89,927.78,0,Furniture,11/29/2014
"SAFCO Executive Leather Armchair, Black",Oceania,2891.7,96.39,0.1,Furniture,12-02-2013
"Panasonic Printer, Red",Western Europe,2016.85,-0.05,0.15,Technology,9/29/2013
"Hamilton Beach Refrigerator, Silver",Western Europe,3155.54,34.94,0.1,Office Supplies,09-05-2014
"Motorola Smart Phone, Full Size",Central Africa,3856.14,1465.2,0,Technology,08-01-2014
"Cisco Smart Phone, Full Size",Oceania,3524.47,861.37,0.1,Technology,11/25/2015
"Samsung Smart Phone, Full Size",Western Europe,2167.3,790.42,0.15,Technology,6/19/2013
"Samsung Smart Phone, Cordless",Central America,2556,178.92,0,Technology,10/14/2013
"Sharp Fax Machine, High-Speed",Western Europe,1469.25,308.4,0,Technology,08-10-2012
"Cisco Smart Phone, with Caller ID",Western Europe,4448.83,1517.71,0.15,Technology,11-08-2012
Xerox 1956,Eastern US,65.78,32.23,0,Office Supplies,08-01-2012
"Dania Classic Bookcase, Pine",South America,2472.66,914.76,0,Furniture,4/28/2014
"Breville Refrigerator, Red",Oceania,3739.18,747.82,0.1,Office Supplies,12/26/2014
"Office Star Executive Leather Armchair, Black",Western Europe,2570.87,-2211.17,0.5,Furniture,3/13/2014
Hanging Personal Folder File,Southern US,31.4,7.85,0,Office Supplies,04-01-2014
"Apple Smart Phone, with Caller ID",Western Europe,2875.77,-1783.08,0.5,Technology,04-05-2013
"Sauder Classic Bookcase, Metal",Southern Europe,1741.8,261.24,0,Furniture,12/28/2013
"Sharp Wireless Fax, Laser",Oceania,1601.64,587.19,0.1,Technology,4/19/2014
"Hoover Refrigerator, White",Eastern Asia,3670.8,367.08,0,Office Supplies,5/25/2012
Xerox 1998,Central US,36.29,12.7,0.2,Office Supplies,08-08-2015
"Hewlett Wireless Fax, Laser",Western Europe,1900.95,589.2,0,Technology,5/20/2014
"Avery 3 1/2"" Diskette Storage Pages, 10/Pack",Southern US,15.66,-12.53,0.7,Office Supplies,01-05-2015
"SAFCO Executive Leather Armchair, Black",Western Europe,4544.1,1868.13,0.1,Furniture,2/19/2012
"Bush Library with Doors, Metal",Eastern Asia,1455.12,116.4,0,Furniture,06-02-2014
"HP Wireless Fax, Digital",Oceania,1943.19,258.93,0.1,Technology,10-02-2014
Hon 5100 Series Wood Tables,Western US,2036.86,366.63,0,Furniture,11/14/2015
GBC DocuBind P400 Electric Binding System,Eastern US,4355.17,1415.43,0.2,Office Supplies,09-04-2014
"Canon Wireless Fax, High-Speed",Oceania,1695.87,-37.83,0.1,Technology,12/14/2014
"Sharp Fax Machine, Digital",Western Europe,1505.98,-265.76,0.15,Technology,3/21/2015
"Cisco Smart Phone, Full Size",Southeastern Asia,1954.17,312.66,0,Technology,12/20/2015
Hon 2090 “Pillow Soft” Series Mid Back Swivel/Tilt Chairs,Western US,449.57,-73.05,0.2,Furniture,11/14/2015
"Eureka The Boss Lite 10-Amp Upright Vacuum, Blue",Southern US,160.32,44.89,0,Office Supplies,3/19/2014
SanDisk Cruzer 64 GB USB Flash Drive,Western US,108.96,32.69,0,Technology,11/14/2015
"Brother Copy Machine, Color",South America,1213.19,508.01,0.002,Technology,9/18/2015
"Hewlett Fax Machine, High-Speed",Southern Asia,1590.6,572.55,0,Technology,11/27/2014
"Belkin Router, USB",Eastern Asia,2330.64,1025.46,0,Technology,11-10-2014
"Safco Classic Bookcase, Mobile",Southeastern Asia,3278.58,140.82,0.07,Furniture,7/23/2015
"Motorola Smart Phone, Full Size",Southeastern Asia,3741.52,946.63,0.17,Technology,8/16/2013
Strathmore Photo Mount Cards,Central US,67.8,31.19,0,Office Supplies,11-08-2015
"Safco Library with Doors, Pine",Southeastern Asia,3637.6,156.4,0.07,Furniture,1/14/2013
"Hoover Refrigerator, Red",Central America,2455.88,785.82,0,Office Supplies,1/30/2014
"StarTech Printer, Wireless",Eastern Asia,1024.68,-286.92,0.5,Technology,6/17/2013
Staples,Central US,167.94,82.29,0,Office Supplies,11-08-2015
Xerox 1881,Eastern US,24.56,11.54,0,Office Supplies,09-04-2014
"Memorex Router, Bluetooth",South America,2297.96,988.12,0,Technology,12-08-2013
"Hewlett Wireless Fax, Color",Southern Europe,2671.41,534.24,0,Technology,09-07-2014
"Samsung Smart Phone, Cordless",Eastern Africa,3834,268.38,0,Technology,9/20/2015
Xerox 1881,Eastern US,49.12,23.09,0,Office Supplies,09-04-2014
"KitchenAid Refrigerator, Black",Southeastern Asia,3501.74,210.86,0.17,Office Supplies,08-08-2013
"Apple Smart Phone, with Caller ID",Oceania,1725.46,747.61,0.1,Technology,12-11-2015
"Brother Fax Machine, High-Speed",Eastern Asia,1583.7,174.15,0,Technology,10/28/2013
Logitech G600 MMO Gaming Mouse,Western US,79.99,28.8,0,Technology,5/13/2015
"Safco Classic Bookcase, Traditional",Oceania,2760.35,-214.73,0.1,Furniture,8/29/2014
"Belkin Router, Erganomic",Southern Asia,3078.72,523.08,0,Technology,5/16/2012
"Hoover Stove, White",Western Europe,1983.14,-1784.9,0.5,Office Supplies,11-05-2012
"Bush Classic Bookcase, Metal",Western Europe,1112.78,296.66,0.1,Furniture,08-03-2015
"HP Wireless Fax, Color",Western Europe,3616.5,36,0,Technology,9/21/2012
"Howard Miller 14-1/2"" Diameter Chrome Round Wall Clock",Southern US,127.88,40.92,0,Furniture,3/19/2014
"Motorola Smart Phone, Full Size",Oceania,2892.11,160.61,0.1,Technology,3/15/2014
"Cisco Smart Phone, Full Size",Western Europe,3263.4,848.4,0,Technology,02-04-2013
Ibico Covers for Plastic or Wire Binding Elements,Southern US,46,20.7,0,Office Supplies,3/19/2014
"Lesro Round Table, Rectangular",Central America,3117.09,38.95,0.2,Furniture,4/13/2015
Acme Forged Steel Scissors with Black Enamel Handles,Eastern US,27.93,8.1,0,Office Supplies,09-04-2014
"Hoover Stove, White",Central America,1888.7,887.6,0,Office Supplies,3/21/2015
"Hamilton Beach Refrigerator, Red",Eastern Asia,3000.78,1080.18,0,Office Supplies,10-04-2014
"Hamilton Beach Stove, Silver",Southern Europe,3801.63,1444.59,0,Office Supplies,1/15/2014
"Cisco Smart Phone, Full Size",Western Asia,5211.12,1146.24,0,Technology,8/25/2015
"Lesro Round Table, with Bottom Storage",Eastern Asia,1356.03,311.85,0,Furniture,12/19/2012
"Hoover Stove, White",Oceania,3569.64,674.16,0.1,Office Supplies,3/18/2015
"Wirebound Message Books, Four 2 3/4"" x 5"" Forms per Page, 600 Sets per Book",Western US,18.54,8.71,0,Office Supplies,9/24/2013
"Safco Library with Doors, Pine",Southeastern Asia,2910.08,125.12,0.07,Furniture,7/13/2015
"Harbour Creations Executive Leather Armchair, Red",Southeastern Asia,3126.4,-128.72,0.27,Furniture,6/15/2014
"Cisco Smart Phone, Cordless",Northern Europe,5276.99,1758.89,0.1,Technology,8/16/2012
"Samsung Smart Phone, Full Size",Southeastern Asia,2645.38,-0.02,0.17,Technology,3/21/2015
"Bush Library with Doors, Metal",Oceania,1637.01,-36.39,0.1,Furniture,01-03-2014
Acco Hanging Data Binders,Eastern US,3.05,1.07,0.2,Office Supplies,09-04-2014
"Samsung Smart Phone, Full Size",Southeastern Asia,2645.38,-0.02,0.17,Technology,10-11-2013
Sabrent 4-Port USB 2.0 Hub,Eastern US,6.79,2.31,0,Technology,09-04-2014
"Bevis Conference Table, Fully Assembled",Eastern Asia,3238.31,-740.3,0.3,Furniture,6/18/2012
"Bush Library with Doors, Metal",Northern Europe,2291.81,127.13,0.1,Furniture,04-05-2015
"Nokia Smart Phone, Full Size",Central America,2124.5,488.6,0,Technology,5/19/2012
"Hon Executive Leather Armchair, Adjustable",Eastern Europe,2757.78,744.48,0,Furniture,2/15/2015
"Enermax Router, Bluetooth",Southern Europe,1549.98,139.32,0,Technology,10-12-2014
Xerox 231,Eastern US,20.74,7.26,0.2,Office Supplies,9/22/2015
"Hoover Refrigerator, White",Eastern Europe,3146.4,629.28,0,Office Supplies,7/19/2015
"Epson Printer, Durable",Western Europe,2456.62,664.72,0.15,Technology,11/28/2015
"Hon Computer Table, Adjustable Height",Western Europe,2228.64,-754.41,0.35,Furniture,06-01-2012
"Ampad Gold Fibre Wirebound Steno Books, 6"" x 9"", Gregg Ruled",Central US,4.41,2.03,0,Office Supplies,11-08-2015
"Hamilton Beach Refrigerator, Red",Southern Asia,4001.04,1440.24,0,Office Supplies,7/20/2015
"Apple Smart Phone, Full Size",Western Europe,4876.88,745.88,0.15,Technology,09-03-2015
"Lesro Computer Table, Adjustable Height",Oceania,1788.82,204.28,0.3,Furniture,12/26/2013
"Breville Refrigerator, White",Southern Asia,3622.29,1267.77,0,Office Supplies,11/15/2015
"Lesro Wood Table, Fully Assembled",Southeastern Asia,1242.59,-140.72,0.47,Furniture,05-04-2014
"Nokia Smart Phone, Cordless",Northern Europe,4453.05,1424.85,0,Technology,8/20/2012
"Hon Training Table, Fully Assembled",Southeastern Asia,2673.36,1069.2,0,Furniture,12-07-2015
"Hon Executive Leather Armchair, Adjustable",Oceania,2046.2,591.05,0.1,Furniture,6/29/2014
"Barricks Conference Table, Fully Assembled",Northern Europe,5451.3,2071.44,0,Furniture,1/24/2014
"Office Impressions End Table, 20-1/2""H x 24""W x 20""D",Eastern US,637.9,-127.58,0.3,Furniture,10/25/2015
"Breville Refrigerator, Black",Southeastern Asia,1722.28,539.44,0.17,Office Supplies,7/14/2015
Deflect-o DuraMat Antistatic Studded Beveled Mat for Medium Pile Carpeting,Eastern US,210.68,50.56,0,Furniture,10/25/2015
"Breville Stove, White",Western Europe,1007.42,134.3,0.1,Office Supplies,09-01-2015
KI Adjustable-Height Table,Eastern US,240.74,-13.76,0.3,Furniture,10/25/2015
"KitchenAid Stove, Silver",Oceania,4624.29,1644.03,0.1,Office Supplies,06-10-2012
"Smead Lockers, Wire Frame",Western Europe,1066.45,-11.93,0.1,Office Supplies,10-12-2012
"Sharp Copy Machine, High-Speed",Eastern Asia,957.6,0,0,Technology,06-10-2014
"Hamilton Beach Stove, White",Oceania,4864.32,162.12,0.1,Office Supplies,12/17/2015
GBC DocuBind 300 Electric Binding Machine,Eastern US,841.57,294.55,0.2,Office Supplies,9/21/2014
"Breville Stove, Silver",Southeastern Asia,1433.84,-84.37,0.15,Office Supplies,06-11-2015
"Smead Lockers, Industrial",Southern Africa,2784.6,779.52,0,Office Supplies,2/16/2012
"Safco Classic Bookcase, Metal",Southern Europe,3063.27,1470.21,0,Furniture,12-04-2014
Premier Electric Letter Opener,Western US,231.72,11.59,0,Office Supplies,6/27/2014
"Howard Miller 12"" Round Wall Clock",Western US,196.45,70.72,0,Furniture,4/19/2015
"Samsung Smart Phone, Cordless",Caribbean,2044.8,-332.28,0.2,Technology,08-08-2012
WD My Passport Ultra 1TB Portable External Hard Drive,Central US,165.6,-6.21,0.2,Technology,12/22/2014
"Brother Wireless Fax, Color",Eastern Asia,1521,0,0,Technology,08-04-2013
"Hamilton Beach Stove, Silver",Western Europe,2443.91,760.31,0.1,Office Supplies,6/19/2013
"Fellowes File Cart, Blue",Canada,137.31,54.9,0,Office Supplies,04-12-2015
"Epson Receipt Printer, Red",Southern Asia,1141.8,570.9,0,Technology,08-02-2014
"Fellowes Lockers, Blue",Southern Asia,1865.97,802.17,0,Office Supplies,5/25/2015
"Samsung Smart Phone, VoIP",Eastern Asia,6998.64,2939.31,0,Technology,2/15/2012
"Dania Library with Doors, Pine",Southern Europe,1091.25,119.97,0,Furniture,9/27/2014
"Ikea Library with Doors, Pine",Southern Asia,1094.22,328.23,0,Furniture,06-04-2015
"Bush Library with Doors, Mobile",Oceania,1320.62,484.22,0.1,Furniture,10-03-2014
"Nokia Smart Phone, with Caller ID",Southeastern Asia,2555.64,664.44,0,Technology,7/19/2012
"Sauder Classic Bookcase, Pine",Eastern Europe,3498.72,594.72,0,Furniture,8/16/2015
"Eldon 400 Class Desk Accessories, Black Carbon",Eastern US,35,14.7,0,Furniture,10/25/2015
"Brother Wireless Fax, Laser",Eastern Asia,2272.86,977.22,0,Technology,11-03-2015
"Cisco Smart Phone, Full Size",Eastern Asia,5211.12,833.76,0,Technology,7/30/2014
"Motorola Smart Phone, with Caller ID",Southern Asia,2582.16,361.44,0,Technology,10-11-2015
"Nokia Smart Phone, with Caller ID",Southern Asia,3194.55,830.55,0,Technology,10/21/2015
"Harbour Creations Executive Leather Armchair, Black",Oceania,1705,378.88,0.1,Furniture,12-06-2014
"Breville Microwave, Red",Southeastern Asia,1538.72,325.7,0.15,Office Supplies,11-10-2015
"Novimex Executive Leather Armchair, Adjustable",Eastern Asia,1381.32,593.91,0,Furniture,06-10-2014
"Safco Classic Bookcase, Metal",Western Europe,1181.55,498.81,0.1,Furniture,9/22/2012
"Harbour Creations Executive Leather Armchair, Adjustable",Western Europe,1696.25,734.93,0.1,Furniture,6/23/2012
Compact Automatic Electric Letter Opener,Eastern US,190.9,-42.95,0.2,Office Supplies,9/29/2015
Office Star - Mesh Screen back chair with Vinyl seat,Southern US,314.35,-35.36,0.2,Furniture,5/25/2015
"Hoover Microwave, Silver",Southern Africa,1237.56,606.36,0,Office Supplies,11/29/2015
"Nokia Smart Phone, Full Size",North Africa,1274.7,140.16,0,Technology,04-01-2013
"KitchenAid Refrigerator, Silver",South America,3172.14,856.44,0,Office Supplies,11/14/2012
"Wirebound Message Book, 4 per Page",Eastern US,43.44,21.29,0,Office Supplies,10/25/2015
"Hoover Stove, Red",Northern Europe,3979.29,1989.54,0,Office Supplies,08-06-2013
Xerox 214,Central US,51.84,18.14,0.2,Office Supplies,12/22/2014
OIC Binder Clips,Western US,17.9,8.95,0,Office Supplies,6/27/2014
"Ampad Phone Message Book, Recycled, 400 Message Capacity, 5 ¾” x 11”",Western US,12.48,5.62,0,Office Supplies,6/27/2014
"Barricks Wood Table, Rectangular",Western Asia,2058,946.68,0,Furniture,1/27/2014
"Sauder Library with Doors, Mobile",Southeastern Asia,2539.88,709.94,0.07,Furniture,5/24/2012
"Bush Classic Bookcase, Pine",Northern Europe,2898.21,1420.02,0,Furniture,10-01-2015
"Konica Inkjet, White",Western Europe,1320.01,357.16,0.15,Technology,11-07-2012
"Barricks Conference Table, Rectangular",Northern Europe,2171.16,-2750.28,0.7,Furniture,1/30/2015
"Hewlett Wireless Fax, Laser",Oceania,4448.22,444.48,0.1,Technology,9/19/2015
Newell 347,Southern US,12.84,3.72,0,Office Supplies,12-01-2015
"Apple Smart Phone, with Caller ID",South America,2300.62,38.2,0.4,Technology,12/23/2012
"Sauder Classic Bookcase, Traditional",North Africa,2615.94,1072.44,0,Furniture,02-07-2014
"Sharp Wireless Fax, Digital",Southern Asia,1066.68,394.65,0,Technology,12/28/2012
Hoover Replacement Belt for Commercial Guardsman Heavy-Duty Upright Vacuum,Eastern US,2.22,0.67,0,Office Supplies,10/25/2015
"Nokia Smart Phone, Cordless",Southern Africa,2544.6,814.2,0,Technology,4/29/2012
"Hon Conference Table, Adjustable Height",Oceania,3694.68,886.68,0,Furniture,10-10-2012
"Lesro Round Table, with Bottom Storage",Eastern Asia,2214.85,-221.57,0.3,Furniture,8/26/2014
"SAFCO Executive Leather Armchair, Set of Two",South America,1236.48,111.28,0,Furniture,9/24/2014
"Hamilton Beach Stove, Black",Central America,1805.9,126.4,0,Office Supplies,12/19/2015
Permanent Self-Adhesive File Folder Labels for Typewriters by Universal,Western US,5.22,2.4,0,Office Supplies,11/21/2012
"OIC #2 Pencils, Medium Soft",Eastern US,3.01,0.34,0.2,Office Supplies,12/23/2013
Avery Metallic Poly Binders,Eastern US,8.6,-6.3,0.7,Office Supplies,9/29/2015
"Hamilton Beach Stove, Silver",Central America,1810.3,54.3,0,Office Supplies,06-07-2015
"Nokia Smart Phone, Cordless",Central America,2120.5,106,0,Technology,9/14/2015
"Apple Smart Phone, Full Size",Eastern Asia,1275,140.22,0,Technology,4/17/2015
"Konica Printer, Wireless",Western Europe,1593.65,-225.16,0.15,Technology,11/24/2013
"Bush Classic Bookcase, Traditional",Western Europe,1114.24,383.71,0.1,Furniture,03-08-2015
"Cisco Smart Phone, with Caller ID",Western Europe,2944.08,1112.13,0.1,Technology,7/28/2013
"KitchenAid Stove, Black",Southeastern Asia,3309.26,318.86,0.17,Office Supplies,11-09-2015
"Harbour Creations Rocking Chair, Adjustable",South America,897.48,322.92,0,Furniture,11/24/2015
"Ikea Classic Bookcase, Metal",Western Europe,2056.05,390.6,0,Furniture,6/13/2012
"Sharp Wireless Fax, Digital",Central America,2365.66,18.86,0.002,Technology,9/19/2013
"Brother Fax Machine, Digital",Oceania,1336.36,44.44,0.4,Technology,11/24/2012
"Hewlett Wireless Fax, Digital",Eastern Asia,3038.64,1245.84,0,Technology,08-12-2013
"Breville Microwave, White",Northern Europe,2698.65,890.46,0,Office Supplies,3/23/2014
"Canon Fax Machine, High-Speed",Southern Africa,3799.08,455.76,0,Technology,01-04-2015
"Hon Executive Leather Armchair, Red",Southern Asia,2756.34,413.28,0,Furniture,10-09-2013
"Apple Signal Booster, with Caller ID",Southern Europe,983.88,-11.16,0.1,Technology,08-07-2013
"Harbour Creations Executive Leather Armchair, Adjustable",Southeastern Asia,1719.81,117.66,0.27,Furniture,10-02-2013
"KitchenAid Stove, Silver",Southeastern Asia,1421.54,428.12,0.17,Office Supplies,3/29/2015
"Brother Fax Machine, High-Speed",Caribbean,1053.69,441.29,0.002,Technology,11/21/2015
"HP Wireless Fax, Laser",Western Europe,1440.84,-1268.04,0.5,Technology,11/30/2012
"Harbour Creations Executive Leather Armchair, Adjustable",Oceania,2544.37,621.79,0.1,Furniture,11-04-2012
Xerox 1949,Southern US,27.89,10.11,0.2,Office Supplies,5/25/2015
"Hewlett Fax and Copier, Color",Eastern Europe,1554.48,341.76,0,Technology,12-06-2013
"Samsung Smart Phone, Cordless",Central America,1278,89.46,0,Technology,12-04-2014
"Cisco Smart Phone, Full Size",Central America,3474.08,625.28,0,Technology,12/24/2013
"Apple Smart Phone, Full Size",Central America,2550,357,0,Technology,9/15/2013
GBC DocuBind TL300 Electric Binding System,Eastern US,538.19,-412.62,0.7,Office Supplies,9/19/2015
Office Star - Mid Back Dual function Ergonomic High Back Chair with 2-Way Adjustable Arms,Eastern US,579.53,83.71,0.1,Furniture,9/28/2012
Bevis Round Conference Table Top & Single Column Base,Central US,1024.38,215.12,0,Furniture,11/13/2013
"Samsung Audio Dock, with Caller ID",Western Asia,934.25,-1331.65,0.6,Technology,5/26/2013
O'Sullivan Living Dimensions 5-Shelf Bookcases,Eastern US,353.57,-44.2,0.2,Furniture,6/27/2014
"Cisco Smart Phone, Cordless",Western Africa,3908.88,1563.48,0,Technology,4/17/2015
"Motorola Smart Phone, Full Size",Central America,2142.3,556.9,0,Technology,09-02-2015
"KitchenAid Refrigerator, Red",Oceania,1900.58,-348.52,0.4,Office Supplies,5/18/2015
"Hoover Microwave, White",Central Africa,1840.68,496.98,0,Office Supplies,12/15/2013
"Sauder Classic Bookcase, Pine",Northern Europe,2624.04,446.04,0,Furniture,04-03-2012
"Safco Classic Bookcase, Pine",Southern Asia,3076.5,215.25,0,Furniture,02-07-2013
"Nokia Smart Phone, with Caller ID",Southeastern Asia,3181.77,344.97,0.17,Technology,06-01-2014
"Rogers File Cart, Blue",Southern Europe,1392.63,-139.56,0.1,Office Supplies,09-01-2013
"Novimex Swivel Stool, Black",Eastern Asia,1296.24,285.12,0,Furniture,6/16/2012
"Breville Stove, Black",Eastern Asia,1682.91,487.98,0,Office Supplies,8/31/2015
"Samsung Smart Phone, Cordless",Central America,1278,89.46,0,Technology,10/27/2012
"Motorola Smart Phone, Full Size",Eastern Europe,2570.76,976.8,0,Technology,3/23/2015
"Chromcraft Conference Table, Adjustable Height",South America,2332.96,349.86,0.2,Furniture,9/18/2015
"Safco Classic Bookcase, Pine",Oceania,1582.2,-870.3,0.4,Furniture,8/28/2013
Logitech Trackman Marble Mouse,Eastern US,71.98,19.79,0.2,Technology,9/19/2015
"Lesro Coffee Table, with Bottom Storage",Oceania,1512,498.96,0,Furniture,08-04-2014
"Premium Transparent Presentation Covers, No Pattern/Clear, 8 1/2"" x 11""",Eastern US,186.14,60.5,0.2,Office Supplies,6/27/2014
"Apple Smart Phone, Full Size",Southern Africa,2550,714,0,Technology,12/27/2015
Logitech 910-002974 M325 Wireless Mouse for Web Scrolling,Eastern US,47.98,14.4,0.2,Technology,9/19/2015
"Hon Executive Leather Armchair, Black",Northern Europe,2285.7,845.7,0,Furniture,2/25/2013
"Bush Stackable Bookrack, Traditional",Southeastern Asia,1029.26,10.82,0.07,Furniture,10/13/2015
"Hewlett Fax Machine, High-Speed",Central America,1058.28,-2.12,0.002,Technology,4/23/2015
"Apple Smart Phone, with Caller ID",Southern Asia,5751.54,2817.99,0,Technology,6/17/2014
"Sauder Library with Doors, Traditional",Western Europe,2442.07,-244.25,0.1,Furniture,9/20/2014
"Smead Lockers, Blue",Oceania,1190.52,178.56,0,Office Supplies,9/19/2015
"Hamilton Beach Refrigerator, Red",Western Europe,3150.82,-35.09,0.1,Office Supplies,12-03-2015
"Brother Fax Machine, Color",Western Europe,1599.9,719.85,0,Technology,09-01-2015
"Bush Classic Bookcase, Traditional",Eastern Asia,2063.4,123.75,0,Furniture,6/26/2015
"Rogers Lockers, Single Width",Eastern Europe,1269.9,558.72,0,Office Supplies,10/25/2015
"Bush Library with Doors, Metal",Southern Asia,3274.02,261.9,0,Furniture,8/19/2012
"Samsung Smart Phone, VoIP",Central America,848.32,110.28,0,Technology,9/14/2015
Hanging Personal Folder File,Central US,94.2,23.55,0,Office Supplies,04-05-2015
"Sharp Wireless Fax, Laser",Southern Europe,2847.36,711.84,0,Technology,1/16/2015
"Novimex Executive Leather Armchair, Red",Southeastern Asia,1725.75,-483.3,0.25,Furniture,11/15/2015
"Hewlett Copy Machine, Color",Southeastern Asia,1479.31,-63.65,0.07,Technology,6/13/2014
"Eldon Expressions Punched Metal & Wood Desk Accessories, Black & Cherry",Eastern US,22.51,2.25,0.2,Furniture,9/19/2015
"Hewlett Personal Copier, High-Speed",Southeastern Asia,1282.23,12.69,0,Technology,9/25/2015
"Ikea Classic Bookcase, Pine",Central Africa,2478.6,49.5,0,Furniture,1/13/2012
"Computer Room Manger, 14""",Eastern US,97.44,35.08,0,Furniture,9/28/2012
"Hewlett Fax Machine, Laser",Eastern Asia,959.76,460.62,0,Technology,7/30/2014
Newell 309,Southern US,34.65,10.4,0,Office Supplies,12-06-2015
"Hamilton Beach Refrigerator, White",Southeastern Asia,4135.64,847.04,0.17,Office Supplies,05-04-2015
"Sauder Classic Bookcase, Traditional",Central America,2325.28,511.52,0,Furniture,9/29/2012
"Sauder Classic Bookcase, Metal",Oceania,5486.67,2316.51,0.1,Furniture,6/28/2015
"Rogers Lockers, Blue",Southern Europe,1523.66,-50.98,0.1,Office Supplies,04-07-2012
"Nokia Smart Phone, Full Size",Western Europe,1625.24,-76.57,0.15,Technology,08-09-2015
Staples,Central US,28.4,13.35,0,Office Supplies,04-05-2015
"Tenex Lockers, Blue",Western Europe,734.94,130.62,0.1,Office Supplies,2/16/2015
Belkin 7-Outlet SurgeMaster Home Series,Western US,13.97,3.63,0,Office Supplies,12/25/2012
"Office Star Swivel Stool, Red",Eastern Europe,1391.52,69.36,0,Furniture,8/19/2013
"#10- 4 1/8"" x 9 1/2"" Recycled Envelopes",Central US,26.22,12.32,0,Office Supplies,11/13/2013
"KitchenAid Refrigerator, Black",South America,2461.06,566.02,0,Office Supplies,08-08-2013
SpineVue Locking Slant-D Ring Binders by Cardinal,Eastern US,36.56,12.8,0.2,Office Supplies,6/27/2014
Akro Stacking Bins,Central US,18.94,-3.79,0.2,Office Supplies,05-07-2014
"Konica Card Printer, Wireless",Southeastern Asia,1226.19,612.99,0,Technology,08-11-2013
"Barricks Wood Table, with Bottom Storage",Oceania,1809.26,-258.5,0.3,Furniture,2/22/2014
"Belkin Router, Bluetooth",Oceania,1863,393.24,0.1,Technology,7/19/2013
Smead Alpha-Z Color-Coded Name Labels First Letter Starter Set,Central US,6,2.1,0.2,Office Supplies,9/17/2014
"Smead Lockers, Wire Frame",Western Europe,1244.19,-13.92,0.1,Office Supplies,04-12-2015
"Barricks Conference Table, Adjustable Height",Western Europe,2364.1,-218.3,0.35,Furniture,6/20/2013
"Hewlett Wireless Fax, Color",Western Europe,1946.31,114.45,0.15,Technology,01-02-2015
Sterilite Show Offs Storage Containers,Central US,12.67,-3.17,0.2,Office Supplies,05-07-2014
"Hamilton Beach Microwave, Black",Western Europe,2283.71,-0.22,0.1,Office Supplies,1/17/2013
"Samsung Smart Phone, Full Size",Central Africa,2549.76,1172.88,0,Technology,6/14/2013
"Hewlett Copy Machine, Color",Oceania,3299.56,366.28,0.1,Technology,3/22/2015
"Cuisinart Microwave, White",Western Europe,2489.4,273.78,0,Office Supplies,11/17/2013
Avery 502,Central US,5.04,1.76,0.2,Office Supplies,05-07-2014
Binder Posts,Eastern US,3.44,-2.76,0.7,Office Supplies,9/19/2015
"Sauder Stackable Bookrack, Mobile",Western Europe,1189.24,250.99,0.1,Furniture,5/19/2015
Binder Posts,Central US,17.22,7.92,0,Office Supplies,11/13/2013
"Harbour Creations Executive Leather Armchair, Adjustable",Central America,1269.6,355.44,0,Furniture,12/24/2015
"Apple Smart Phone, Full Size",Southern Asia,3499.16,-3009.44,0.5,Technology,9/14/2014
"Lesro Conference Table, Rectangular",Oceania,2993.03,726.83,0.3,Furniture,1/13/2014
"Brother Fax Machine, Color",Western Europe,815.95,287.92,0.15,Technology,6/27/2015
"Okidata Inkjet, White",Northern Europe,1245,161.76,0,Technology,7/16/2013
"Canon Personal Copier, Laser",Oceania,1027.73,182.69,0.1,Technology,02-11-2015
"Brother Wireless Fax, Digital",Oceania,1703.03,737.93,0.1,Technology,06-05-2015
"Smead Lockers, Wire Frame",Southeastern Asia,1803.08,-130.39,0.17,Office Supplies,4/18/2015
"Safco Stackable Bookrack, Pine",Western Europe,676.49,195.29,0.1,Furniture,11/29/2015
"Office Star Rocking Chair, Black",Southern Asia,969.36,348.81,0,Furniture,11-10-2012
"Bush Library with Doors, Metal",Western Europe,1637.01,90.81,0.1,Furniture,9/18/2015
"Sharp Wireless Fax, Digital",South America,1655.96,13.2,0.002,Technology,2/27/2015
"Novimex Executive Leather Armchair, Black",Central America,976.96,232,0.2,Furniture,09-05-2014
"Bush Library with Doors, Pine",Eastern Asia,731.34,175.5,0,Furniture,12/25/2014
"KitchenAid Microwave, Black",Western Africa,1239,0,0,Office Supplies,6/19/2015
"Novimex Executive Leather Armchair, Adjustable",Southeastern Asia,1680.61,368.26,0.27,Furniture,3/17/2015
"Safco Classic Bookcase, Traditional",Southern Asia,2190.75,65.7,0,Furniture,7/13/2015
"Epson Printer, Red",Northern Europe,935.17,114.25,0.1,Technology,06-12-2015
"Eldon File Cart, Single Width",Western Europe,1026.96,441.36,0,Office Supplies,10/17/2015
"Apple Smart Phone, Full Size",Southern Asia,2550,280.44,0,Technology,08-09-2015
"Motorola Smart Phone, Cordless",Southeastern Asia,2667.54,-417.81,0.17,Technology,12/28/2013
"HP Wireless Fax, Laser",Western Europe,1224.71,-129.73,0.15,Technology,12-07-2013
"Cisco Smart Phone, Cordless",Western Europe,2605.92,1042.32,0,Technology,5/20/2014
"Rogers Lockers, Blue",Southern Asia,2962.68,207.06,0,Office Supplies,6/18/2014
"Hon Wood Table, Fully Assembled",Southern Asia,2664,905.7,0,Furniture,11-07-2015
"Hewlett Wireless Fax, High-Speed",Southern Europe,1513.56,741.6,0,Technology,5/31/2013
"Ikea Classic Bookcase, Metal",Northern Europe,1233.63,234.36,0,Furniture,8/20/2014
"Lesro Conference Table, Rectangular",Eastern Europe,855.15,384.81,0,Furniture,06-04-2012
"Okidata Printer, Red",Northern Europe,956.34,-95.7,0.1,Technology,7/14/2012
Xerox 1978,Central US,17.34,8.5,0,Office Supplies,11/13/2013
"Hon Executive Leather Armchair, Adjustable",Southern Europe,1838.52,160.77,0.2,Furniture,10/23/2012
"Motorola Smart Phone, Full Size",Southern Asia,4498.83,674.73,0,Technology,11/19/2012
"Cisco Smart Phone, Cordless",Western Europe,1824.14,-1303.06,0.65,Technology,7/18/2015
"Safco Classic Bookcase, Pine",Central America,2344,46.88,0,Furniture,06-05-2015
"Motorola Signal Booster, Cordless",Eastern Asia,2043.72,756,0,Technology,12/17/2015
"Rogers Shelving, Wire Frame",Eastern Africa,856.8,265.44,0,Office Supplies,6/28/2015
"Cuisinart Stove, Black",Central America,2509.36,426.58,0,Office Supplies,12/24/2015
"Novimex Executive Leather Armchair, Adjustable",Oceania,819.94,191.32,0.1,Furniture,02-08-2013
"Chromcraft Conference Table, Fully Assembled",Central America,2797.25,-0.07,0.2,Furniture,1/27/2012
"Smead Lockers, Blue",South America,1455.08,261.8,0,Office Supplies,08-05-2013
"Safco Library with Doors, Mobile",Southeastern Asia,2189.09,541.37,0.07,Furniture,10/31/2015
"Barricks Conference Table, Fully Assembled",Southern Asia,5451.3,327.06,0,Furniture,03-04-2013
"Motorola Smart Phone, with Caller ID",Southern Asia,1291.08,296.94,0,Technology,06-12-2013
"Hewlett Wireless Fax, Color",Southern Asia,1526.52,732.72,0,Technology,2/26/2012
Cardinal Holdit Business Card Pockets,Eastern US,3.98,1.39,0.2,Office Supplies,9/28/2012
"Office Star Executive Leather Armchair, Black",South America,1869.72,205.56,0,Furniture,7/27/2014
"Sauder Library with Doors, Pine",Central America,1815.24,471.94,0,Furniture,04-01-2014
"Hewlett Fax Machine, Laser",Southern Asia,959.76,460.62,0,Technology,10/25/2015
"Cisco Smart Phone, Full Size",Central America,3045.84,1035.58,0,Technology,6/26/2015
"Apple Smart Phone, Full Size",Central America,2125,297.5,0,Technology,11-05-2014
"Memorex Router, Erganomic",Central Africa,976.08,292.8,0,Technology,12/15/2013
"Canon Fax Machine, High-Speed",Eastern Asia,1266.36,265.92,0,Technology,05-06-2014
"Avery Hi-Liter GlideStik Fluorescent Highlighter, Yellow Ink",Eastern US,13.04,5.74,0,Office Supplies,9/28/2012
"Bevis Wood Table, with Bottom Storage",Eastern Africa,2134.44,682.92,0,Furniture,09-09-2012
"Canon Wireless Fax, High-Speed",Western Europe,4748.44,844.12,0.1,Technology,4/26/2013
"Okidata Inkjet, White",Southern Africa,1867.5,242.64,0,Technology,11-04-2014
"Novimex Swivel Stool, Adjustable",Eastern Asia,1001.7,250.38,0,Furniture,4/16/2012
Insertable Tab Indexes For Data Binders,Central US,1.91,-3.24,0.8,Office Supplies,9/17/2014
GBC Ibimaster 500 Manual ProClick Binding System,Central US,9892.74,4946.37,0,Office Supplies,12/22/2014
"Cuisinart Stove, Red",Eastern Asia,4306.32,1722.48,0,Office Supplies,11-04-2015
"Breville Microwave, White",Eastern Asia,899.55,323.82,0,Office Supplies,4/14/2014
"Canon Fax and Copier, Digital",Southern Asia,763.92,381.96,0,Technology,11-11-2014
"Nokia Smart Phone, Full Size",Western Europe,2544.24,1093.92,0,Technology,10/17/2013
"Harbour Creations Executive Leather Armchair, Black",Oceania,1136.66,-189.46,0.4,Furniture,10/16/2013
"Novimex Executive Leather Armchair, Red",Eastern Asia,2301,91.95,0,Furniture,02-03-2015
"Cisco Smart Phone, Cordless",Central Africa,3908.88,1563.48,0,Technology,10/16/2013
LG G3,Central US,470.38,52.92,0.2,Technology,06-07-2015
"3M Polarizing Task Lamp with Clamp Arm, Light Gray",Southern US,821.88,213.69,0,Furniture,11/24/2015
"Breville Stove, Silver",Southern Asia,2249.16,224.88,0,Office Supplies,9/23/2014
"Hamilton Beach Stove, Black",Central America,2528.26,176.96,0,Office Supplies,01-05-2014
"Lesro Round Table, Rectangular",Western Europe,1461.14,202.19,0.35,Furniture,12/31/2015
"Cisco Smart Phone, Full Size",Central America,3045.84,1035.58,0,Technology,11/19/2014
Ibico Ibimaster 300 Manual Binding System,Central US,1103.97,496.79,0,Office Supplies,12/22/2012
Aastra 6757i CT Wireless VoIP phone,Western US,344.7,38.78,0.2,Technology,5/21/2015
"Bush Classic Bookcase, Pine",Southeastern Asia,2152.96,198.64,0.35,Furniture,09-11-2015
"Logitech Router, Programmable",Western Europe,1244.1,447.75,0,Technology,6/19/2014
"SAFCO Executive Leather Armchair, Adjustable",Central America,2226.82,500.98,0.2,Furniture,12-07-2012
"Safco Classic Bookcase, Mobile",Oceania,1586.41,17.53,0.1,Furniture,9/21/2015
Bevis Boat-Shaped Conference Table,Western US,393.17,-204.45,0.5,Furniture,10-01-2014
"KitchenAid Stove, Silver",Western Asia,3425.4,1233,0,Office Supplies,2/14/2015
"Hoover Stove, Red",Southern Europe,1136.94,568.44,0,Office Supplies,02-11-2015
"Bush Library with Doors, Traditional",Southeastern Asia,677.64,211.26,0.07,Furniture,08-07-2014
"Bush Library with Doors, Pine",Southern Asia,731.34,80.4,0,Furniture,4/18/2015
Canon PC170 Desktop Personal Copier,Central US,287.91,33.59,0.4,Technology,11-12-2013
"Brother Fax Machine, Digital",Southern Asia,1272.72,534.48,0,Technology,05-07-2015
"Hoover Microwave, Silver",Southern Europe,1856.34,909.54,0,Office Supplies,11-06-2014
"Apple Smart Phone, Full Size",Southern Europe,2295,459,0.1,Technology,06-12-2015
"Nokia Smart Phone, Cordless",Western Europe,1622.18,324.38,0.15,Technology,09-02-2013
"Cisco Signal Booster, VoIP",Eastern Asia,1063.44,361.41,0,Technology,6/22/2014
"Memorex Router, USB",Eastern Europe,3449.88,275.94,0,Technology,8/28/2015
"Ikea Library with Doors, Mobile",Central America,585.46,-0.02,0.2,Furniture,5/29/2013
"Sharp Wireless Fax, Color",Western Africa,1429.44,471.6,0,Technology,5/21/2015
"Hon Wood Table, Rectangular",Southern Africa,1057.8,158.64,0,Furniture,4/30/2014
"Bush Library with Doors, Traditional",Eastern Asia,1092.96,393.39,0,Furniture,12/25/2014
"Chromcraft Computer Table, Fully Assembled",Caribbean,1483,741.5,0,Furniture,10/15/2015
"Cuisinart Stove, Black",South America,1792.4,304.7,0,Office Supplies,4/17/2015
"Safco Library with Doors, Traditional",Western Europe,2455.68,-191.16,0.1,Furniture,12-03-2015
"Brother Fax Machine, High-Speed",Western Asia,1900.44,417.96,0,Technology,5/13/2013
"Samsung Smart Phone, Cordless",Southeastern Asia,3712.59,849.87,0.17,Technology,6/24/2014
"Canon Copy Machine, Color",Southern Asia,2372.22,0,0,Technology,05-06-2013
"Nokia Smart Phone, Cordless",Eastern Asia,5725.35,1602.99,0,Technology,11/14/2012
"Ikea Library with Doors, Pine",Southern Europe,2553.18,842.52,0,Furniture,12/24/2015
"Hamilton Beach Refrigerator, Silver",Central America,2003.52,861.48,0,Office Supplies,5/19/2015
"Sharp Fax Machine, Color",Eastern Europe,1188.36,95.04,0,Technology,12-12-2015
"Nokia Smart Phone, with Caller ID",Oceania,2875.1,511.1,0.1,Technology,12-10-2012
"Harbour Creations Executive Leather Armchair, Adjustable",Western Europe,2380.5,952.2,0,Furniture,9/15/2014
"StarTech Card Printer, White",Southern Europe,1619.1,258.9,0,Technology,03-04-2012
"Hoover Stove, White",Southeastern Asia,2821.72,339.88,0.17,Office Supplies,01-05-2013
"Sharp Wireless Fax, Color",Southeastern Asia,2991.1,-128.75,0.07,Technology,11-03-2013
"Hamilton Beach Stove, Black",Southeastern Asia,1798.68,86.64,0.17,Office Supplies,11/19/2014
"Apple Smart Phone, Full Size",Eastern Europe,2544.84,712.44,0,Technology,8/17/2014
"Harbour Creations Executive Leather Armchair, Red",Eastern Asia,951.72,228.36,0,Furniture,06-08-2014
"Motorola Smart Phone, Full Size",Southern Asia,2575.92,978.84,0,Technology,10-06-2015
"Hoover Stove, White",Northern Europe,1699.83,84.96,0,Office Supplies,03-03-2015
"Ikea Library with Doors, Mobile",Oceania,2634.55,116.95,0.1,Furniture,11-04-2014
"Dania Library with Doors, Traditional",Southeastern Asia,3707.35,1554.43,0.07,Furniture,12/25/2014
"Lesro Conference Table, Adjustable Height",Southern Asia,4298.85,300.9,0,Furniture,5/15/2015
"KitchenAid Stove, Black",Eastern Asia,3417.48,854.28,0,Office Supplies,07-08-2015
"Breville Refrigerator, Silver",Southern Europe,2080.32,561.6,0,Office Supplies,5/21/2013
"Samsung Audio Dock, Full Size",Southern Asia,840.6,319.35,0,Technology,08-05-2012
Polycom VoiceStation 500 Conference phone,Western US,471.92,29.5,0.2,Technology,9/26/2015
"Smead File Cart, Single Width",Central Africa,1288.8,90,0,Office Supplies,2/16/2014
"Sauder Stackable Bookrack, Mobile",Oceania,660.69,44.04,0.1,Furniture,5/23/2013
"Cuisinart Stove, Silver",Southern Europe,3234.24,970.2,0,Office Supplies,08-09-2015
"Cisco Smart Phone, Full Size",South America,2171.3,390.8,0,Technology,11/18/2014
"Enermax Router, Erganomic",Oceania,2074.73,276.53,0.1,Technology,2/14/2015
"Nokia Smart Phone, Full Size",Central America,849.8,195.44,0,Technology,11/14/2015
"Sauder Classic Bookcase, Traditional",Oceania,1177.17,353.13,0.1,Furniture,04-01-2014
Fellowes Recycled Storage Drawers,Central US,177.65,-28.87,0.2,Office Supplies,11-12-2013
Sony Micro Vault Click 16 GB USB 2.0 Flash Drive,Western US,89.58,4.48,0.2,Technology,9/26/2015
"Samsung Smart Phone, VoIP",Southern Asia,2863.08,-458.19,0.5,Technology,8/21/2014
"Cuisinart Microwave, Red",Western Europe,1253.07,236.67,0.1,Office Supplies,5/31/2015
"Breville Stove, Red",Southern Asia,3369.24,606.42,0,Office Supplies,8/29/2013
"Memorex Router, Erganomic",Southern Africa,1464.12,439.2,0,Technology,07-05-2015
"Dania Library with Doors, Pine",Western Europe,1273.13,-993.2,0.5,Furniture,3/17/2013
"Stanley Highlighters, Easy-Erase",Canada,29.94,10.74,0,Office Supplies,5/15/2015
"Hewlett Wireless Fax, High-Speed",Central America,1258.78,375.78,0.002,Technology,9/18/2015
"SAFCO Executive Leather Armchair, Red",Southern Asia,2584.01,290.6,0.2,Furniture,08-12-2015
"Canon Wireless Fax, Color",Southeastern Asia,1482.39,68.31,0.35,Technology,09-09-2014
"Nokia Smart Phone, Full Size",Central America,1274.7,293.16,0,Technology,09-11-2015
"Gould Plastics 9-Pocket Panel Bin, 18-3/8w x 5-1/4d x 20-1/2h, Black",Central US,84.78,-16.96,0.2,Office Supplies,11-12-2013
"Office Star Executive Leather Armchair, Red",Caribbean,2818.08,225.36,0,Furniture,10/21/2013
"Office Star Executive Leather Armchair, Adjustable",Southeastern Asia,1046.25,-111.6,0.25,Furniture,2/18/2015
"Samsung Smart Phone, Full Size",Southern Asia,3187.2,541.8,0,Technology,2/28/2013
"Novimex Executive Leather Armchair, Adjustable",Oceania,4099.68,956.58,0.1,Furniture,12-10-2013
"Rogers File Cart, Blue",Eastern Asia,703.35,260.1,0,Office Supplies,12/14/2013
"Brother Fax Machine, Laser",Oceania,2293.49,509.57,0.1,Technology,6/21/2015
"StarTech Card Printer, White",Western Europe,1238.61,14.43,0.15,Technology,12/22/2013
"Hon Executive Leather Armchair, Red",Central America,1715.06,300.08,0.2,Furniture,5/17/2015
Kensington K72356US Mouse-in-a-Box USB Desktop Mouse,Central US,39.82,7.47,0.2,Technology,08-08-2015
"Harbour Creations Executive Leather Armchair, Black",Oceania,2841.66,852.48,0,Furniture,11-11-2015
"Hoover Stove, White",Southern Europe,3399.66,-3059.82,0.5,Office Supplies,6/14/2014
"Konica Printer, Durable",Southern Asia,1607.76,482.22,0,Technology,05-12-2013
"Nokia Audio Dock, Full Size",Southern Asia,840.15,260.4,0,Technology,9/13/2014
"Dania Classic Bookcase, Pine",Eastern Asia,1236.33,519.21,0,Furniture,7/28/2014
"KitchenAid Microwave, Silver",Southern Asia,2488.56,348.24,0,Office Supplies,10/14/2015
"Breville Microwave, Black",Caribbean,1124.26,252.9,0.2,Office Supplies,11/24/2012
Tenex Chairmats For Use with Hard Floors,Central US,64.96,-84.45,0.6,Furniture,11-12-2013
"Lesro Round Table, Adjustable Height",Central America,726.72,-18.18,0.2,Furniture,10/25/2015
"Belkin 19"" Center-Weighted Shelf, Gray",Eastern US,117.96,5.9,0,Office Supplies,02-07-2014
"StarTech Printer, Red",Eastern Africa,1519.92,653.4,0,Technology,10/15/2014
"Canon Fax Machine, Color",Eastern Europe,1279.32,319.8,0,Technology,2/16/2012
"Harbour Creations Rocking Chair, Black",Southern Asia,723.3,122.85,0,Furniture,05-01-2015
"Motorola Smart Phone, Full Size",Southern Asia,642.69,244.2,0,Technology,03-12-2012
"Dania Library with Doors, Pine",Oceania,2619,232.68,0.1,Furniture,08-08-2013
"KitchenAid Stove, White",Southern Asia,1704.87,-1023.03,0.5,Office Supplies,12/23/2013
"HP Copy Machine, Color",Southern Europe,1715.91,583.38,0,Technology,08-07-2013
"Samsung Smart Phone, Cordless",Eastern Asia,1278,460.08,0,Technology,6/22/2013
"Hoover Microwave, Red",North Africa,1234.56,246.84,0,Office Supplies,02-09-2014
"Hoover Refrigerator, White",Western Europe,4195.2,839.04,0,Office Supplies,10-02-2012
"Safco Library with Doors, Mobile",Western Europe,1765.4,-98.21,0.1,Furniture,6/26/2013
"Bevis Conference Table, Fully Assembled",South America,1480.37,333.05,0.2,Furniture,12/22/2014
"Apple Smart Phone, Full Size",Central America,2968.98,89.04,0,Technology,10/14/2013
"Lesro Wood Table, Adjustable Height",Oceania,2301.14,-953.44,0.3,Furniture,09-04-2012
"Bush Library with Doors, Mobile",Western Europe,1100.52,352.08,0,Furniture,7/18/2015
"HP Wireless Fax, Digital",Eastern Asia,2518.95,553.98,0,Technology,12-12-2012
"Safco Floating Shelf Set, Mobile",Northern Europe,996.3,119.55,0,Furniture,4/16/2015
Plastic Binding Combs,Western US,18.18,-13.94,0.7,Office Supplies,9/26/2015
"Hon Conference Table, Fully Assembled",Western Europe,922.95,341.49,0,Furniture,09-01-2012
"Ikea Classic Bookcase, Metal",Western Europe,1850.45,185,0.1,Furniture,08-02-2014
"Sauder 3-Shelf Cabinet, Metal",Central America,664.56,6.6,0,Furniture,9/14/2015
"SanDisk Router, Programmable",Western Europe,1547.1,340.2,0,Technology,08-07-2015
"KitchenAid Refrigerator, Red",Southeastern Asia,2190.95,316.7,0.17,Office Supplies,11/23/2015
"Hamilton Beach Stove, White",Central America,3242.88,324.18,0,Office Supplies,05-09-2013
"Samsung Smart Phone, with Caller ID",North Africa,2544.6,1246.8,0,Technology,8/31/2013
"Cisco Smart Phone, Full Size",Eastern Europe,2605.56,573.12,0,Technology,12/29/2014
"Smead File Cart, Single Width",Southern Europe,1271.46,-127.41,0.1,Office Supplies,1/31/2014
"Sanford Highlighters, Fluorescent",Canada,34.02,14.28,0,Office Supplies,5/15/2015
"StarTech Inkjet, Wireless",Western Asia,1207.56,0,0,Technology,12/28/2012
"Dania Classic Bookcase, Metal",Southeastern Asia,2051.1,40.95,0,Furniture,12-04-2013
"Nokia Smart Phone, Full Size",Central America,2544.24,992.16,0,Technology,5/23/2014
Lumber Crayons,Central US,23.64,5.32,0.2,Office Supplies,11-12-2013
"Safco Classic Bookcase, Traditional",Northern Europe,1314.45,341.73,0,Furniture,6/28/2015
Akro Stacking Bins,Western US,12.62,-2.52,0.2,Office Supplies,9/26/2015
"Hon Conference Table, Rectangular",South America,980.32,110.28,0.2,Furniture,7/28/2014
GBC Imprintable Covers,Southern US,21.96,10.76,0,Office Supplies,11/24/2015
"Ikea Classic Bookcase, Traditional",Eastern Asia,2470.5,518.76,0,Furniture,10/28/2012
Avery Recycled Flexi-View Covers for Binding Systems,Central US,32.06,-51.3,0.8,Office Supplies,11-12-2013
"Sauder Classic Bookcase, Mobile",Oceania,877.02,105.24,0,Furniture,12/27/2013
Avery 487,Central US,3.69,1.73,0,Office Supplies,12/22/2012
"Hewlett Fax Machine, Digital",Oceania,1917.36,747.72,0,Technology,05-10-2013
"Panasonic Inkjet, White",Eastern Asia,2173.5,260.82,0,Technology,01-12-2012
"Iceberg OfficeWorks 42"" Round Tables",Western US,377.45,-264.22,0.5,Furniture,12/22/2014
Xerox 1942,Western US,195.76,97.88,0,Office Supplies,4/13/2015
"Ikea Library with Doors, Metal",Southern Europe,1814.25,653.1,0,Furniture,6/19/2012
"Breville Refrigerator, White",Northern Europe,1293.68,-776.33,0.5,Office Supplies,01-10-2013
"Cuisinart Refrigerator, Black",Southern Europe,2477.55,1040.55,0,Office Supplies,2/15/2015
Office Star - Ergonomically Designed Knee Chair,Western US,259.14,-25.91,0.2,Furniture,7/17/2012
"HP Wireless Fax, Color",Southern Asia,723.3,332.7,0,Technology,4/14/2013
"Canon Copy Machine, Laser",Southern Europe,2097.12,188.64,0,Technology,01-04-2015
Xerox 1891,Western US,244.55,114.94,0,Office Supplies,4/13/2015
"Hamilton Beach Stove, White",Eastern Asia,3242.88,421.56,0,Office Supplies,12/19/2015
"White Dual Perf Computer Printout Paper, 2700 Sheets, 1 Part, Heavyweight, 20 lbs., 14 7/8 x 11",Central US,163.96,59.44,0.2,Office Supplies,07-06-2015
Logitech Desktop MK120 Mouse and keyboard Combo,Southern US,98.16,9.82,0,Technology,8/24/2015
"Sauder Stackable Bookrack, Pine",Southern Europe,597.36,226.92,0,Furniture,10-08-2015
"Hamilton Beach Microwave, Red",Eastern Europe,3955.14,1383.9,0,Office Supplies,6/24/2014
"Dania 3-Shelf Cabinet, Pine",Southeastern Asia,796.82,231.26,0.07,Furniture,7/14/2015
"Enermax Router, Erganomic",Western Europe,2305.26,922.05,0,Technology,4/27/2015
"Hon Wood Table, with Bottom Storage",Central America,2833.76,35.36,0.2,Furniture,05-07-2012
"Breville Refrigerator, Red",Southern Asia,2077.32,581.64,0,Office Supplies,10-09-2012
"Dania Classic Bookcase, Traditional",Caribbean,1916.88,939.26,0,Furniture,11/16/2015
"Dania Library with Doors, Pine",Central America,1212.5,606.2,0,Furniture,12/19/2015
GBC Prestige Therm-A-Bind Covers,Southern US,102.93,48.38,0,Office Supplies,8/24/2015
"Apple Smart Phone, Cordless",Western Europe,1622.57,133.61,0.15,Technology,04-08-2014
"Canon Personal Copier, Laser",Oceania,856.44,222.66,0,Technology,9/19/2015
Vinyl Sectional Post Binders,Western US,45.24,-30.16,0.7,Office Supplies,12/22/2014
"Sauder 3-Shelf Cabinet, Pine",Western Europe,1361.04,196.53,0.1,Furniture,7/14/2015
"Canon Wireless Fax, High-Speed",Eastern Asia,3391.74,271.08,0,Technology,10-12-2015
"Samsung Smart Phone, VoIP",Caribbean,2375.3,-207.84,0.2,Technology,06-07-2014
"Sauder Stackable Bookrack, Pine",Southern Africa,889.02,320.04,0,Furniture,8/22/2013
"Chromcraft Computer Table, Adjustable Height",Eastern Europe,1782.48,873.36,0,Furniture,8/29/2012
"Hewlett Copy Machine, Color",Western Europe,667.77,274.92,0.15,Technology,12-05-2013
"HP Wireless Fax, High-Speed",Oceania,1612.85,394.25,0.1,Technology,10/18/2015
"Tenex File Cart, Single Width",Southern Europe,845.21,-9.49,0.1,Office Supplies,12/21/2014
"KitchenAid Microwave, Silver",Southern Asia,2799.63,391.77,0,Office Supplies,6/22/2013
"KitchenAid Microwave, Silver",Southeastern Asia,1549.13,-56.11,0.17,Office Supplies,8/20/2014
"Samsung Smart Phone, with Caller ID",Central America,1696.4,67.84,0,Technology,6/25/2013
"Hamilton Beach Microwave, White",Central America,935.5,168.3,0,Office Supplies,5/25/2013
"Konica Printer, White",Western Europe,2036.81,359.3,0.15,Technology,05-03-2014
"Logitech Router, Erganomic",Western Europe,980.52,176.4,0,Technology,6/15/2013
Newell 312,Western US,18.69,2.34,0.2,Office Supplies,12/22/2014
"HP Copy Machine, Laser",Western Europe,1654.64,681.2,0.15,Technology,12/22/2014
"Harbour Creations Executive Leather Armchair, Adjustable",Southeastern Asia,2063.77,141.19,0.27,Furniture,7/25/2015
"Cisco Audio Dock, VoIP",North Africa,1457.28,568.32,0,Technology,02-09-2014
"HP Copy Machine, Color",Eastern Asia,1693.23,829.5,0,Technology,10/28/2012
Macally Suction Cup Mount,Western US,28.68,-7.17,0.2,Technology,12/22/2014
"Chromcraft Computer Table, Rectangular",South America,1411.2,405.72,0.2,Furniture,03-01-2014
"Hoover Stove, White",Western Europe,2039.8,-113.36,0.1,Office Supplies,11/29/2012
"Apple Smart Phone, Full Size",Eastern Asia,5737.5,630.99,0,Technology,8/24/2013
"Brother Copy Machine, Color",Oceania,1641.09,473.91,0.1,Technology,5/28/2013
"Ikea Classic Bookcase, Mobile",Caribbean,1380.9,303.7,0,Furniture,11-07-2012
"Samsung Smart Phone, Cordless",Southern Asia,1917,690.12,0,Technology,9/26/2012
"Ikea Classic Bookcase, Traditional",Oceania,823.5,172.92,0,Furniture,10/19/2014
Sony Micro Vault Click 8 GB USB 2.0 Flash Drive,Western US,112.78,-8.46,0.2,Technology,12/22/2014
"Samsung Smart Phone, with Caller ID",Eastern Asia,3180.75,1081.35,0,Technology,06-09-2014
"Okidata Inkjet, White",Western Europe,2910.19,-68.72,0.15,Technology,5/16/2014
Avery White Multi-Purpose Labels,Western US,15.94,5.18,0.2,Office Supplies,12/22/2014
Wilson Jones Four-Pocket Poly Binders,Central US,5.23,-8.11,0.8,Office Supplies,07-06-2015
"Cisco Audio Dock, with Caller ID",Eastern Asia,910.35,391.35,0,Technology,10/24/2014
"Lesro Computer Table, Fully Assembled",Northern Europe,856.68,274.08,0,Furniture,8/14/2015
"SAFCO Executive Leather Armchair, Set of Two",Central America,1731.07,-238.03,0.2,Furniture,05-08-2014
"Nokia Speaker Phone, VoIP",Southern Europe,1330.99,-103.61,0.1,Technology,7/15/2014
"Black Print Carbonless 8 1/2"" x 8 1/4"" Rapid Memo Book",Western US,11.65,3.79,0.2,Office Supplies,12/22/2014
"SanDisk Router, Bluetooth",Caribbean,1914.08,669.76,0.2,Technology,12-06-2015
"Apple Smart Phone, Full Size",South America,3393.12,101.76,0,Technology,1/13/2015
Kingston Digital DataTraveler 16GB USB 2.0,Central US,50.12,-0.63,0.2,Technology,07-04-2014
"HP Wireless Fax, Color",Eastern Asia,1446.6,665.4,0,Technology,6/27/2015
"Office Star Executive Leather Armchair, Black",Eastern Asia,3272.01,1537.83,0,Furniture,3/16/2012
"Hoover Stove, Silver",Southeastern Asia,3386.86,-597.68,0.15,Office Supplies,1/21/2014
"KitchenAid Microwave, White",Oceania,2498.53,499.45,0.1,Office Supplies,09-02-2013
"Motorola Audio Dock, VoIP",Southern Europe,728.53,-133.73,0.4,Technology,11/20/2012
"Motorola Smart Phone, Full Size",Western Asia,2575.92,772.68,0,Technology,12/28/2015
"Bush Library with Doors, Metal",Southern Europe,2546.46,381.78,0,Furniture,6/20/2013
"Bush Classic Bookcase, Traditional",Eastern Asia,2888.76,173.25,0,Furniture,7/15/2014
"SanDisk Router, Programmable",Southeastern Asia,1031.4,185.64,0,Technology,5/25/2013
"Cisco Signal Booster, Cordless",Northern Europe,1237.44,74.16,0,Technology,08-09-2015
"StarTech Printer, White",Central Africa,1018.32,183.24,0,Technology,8/15/2015
"Acme Trimmer, Easy Grip",Southern Europe,600.6,131.82,0,Office Supplies,12/28/2013
"Safco Classic Bookcase, Metal",Western Europe,2756.94,1163.88,0.1,Furniture,01-10-2014
"Hoover Stove, Red",Oceania,1534.87,-102.41,0.1,Office Supplies,12/31/2015
"Motorola Smart Phone, Full Size",Oceania,6439.8,2447.1,0,Technology,12/20/2014
"Sharp Copy Machine, High-Speed",Southeastern Asia,1781.14,-134.06,0.07,Technology,03-04-2014
"Samsung Smart Phone, Cordless",South America,1363.2,-1806.24,0.6,Technology,07-04-2013
"Harbour Creations Executive Leather Armchair, Black",Northern Europe,3315.27,961.38,0,Furniture,8/24/2013
Newell 350,Central US,5.25,0.59,0.2,Office Supplies,11-05-2015
"Panasonic Inkjet, Durable",Western Europe,2123.03,124.79,0.15,Technology,07-07-2013
"Sharp Wireless Fax, High-Speed",Western Europe,2478.84,272.58,0,Technology,12-04-2015
"Hoover Refrigerator, Red",Oceania,1894.54,505.18,0.1,Office Supplies,04-12-2012
Avery Printable Repositionable Plastic Tabs,Eastern US,41.28,13.93,0.2,Office Supplies,11/23/2015
"Rogers Folders, Industrial",Canada,187.02,26.1,0,Office Supplies,5/13/2013
"Canon Copy Machine, Color",Eastern Asia,1317.9,0,0,Technology,11/23/2013
"Hewlett Fax and Copier, Laser",Western Europe,1350.09,256.41,0,Technology,09-01-2015
"Epson Printer, Durable",Eastern Asia,1839.18,238.98,0,Technology,11-08-2014
Xerox 1898,Eastern US,13.36,6.41,0,Office Supplies,11/23/2015
"Nokia Smart Phone, Full Size",Northern Europe,1908.18,820.44,0,Technology,11/24/2014
"Canon Wireless Fax, Color",South America,1264.47,301.47,0.002,Technology,01-03-2016
"Eldon Image Series Desk Accessories, Burgundy",Western US,4.18,1.5,0,Furniture,11/20/2014
"Samsung Signal Booster, Full Size",Western Europe,965.16,463.26,0,Technology,02-04-2013
"Fellowes Lockers, Industrial",Western Europe,748.12,282.52,0.1,Office Supplies,3/19/2014
"Sauder Corner Shelving, Mobile",Western Europe,943.87,209.71,0.1,Furniture,3/23/2013
"Dania Library with Doors, Metal",Eastern Asia,1447.44,43.32,0,Furniture,5/29/2015
"Belkin Router, Bluetooth",Southern Europe,1552.5,62.1,0,Technology,6/16/2014
Logitech Wireless Gaming Headset G930,Eastern US,479.97,177.59,0,Technology,03-07-2012
Xerox 1891,Eastern US,97.82,45.98,0,Office Supplies,03-07-2012
Newell 345,Eastern US,59.52,15.48,0,Office Supplies,03-07-2012
"Hon Executive Leather Armchair, Adjustable",South America,919.26,266.58,0,Furniture,12-11-2014
"Cisco Smart Phone, Full Size",Central America,3045.84,1035.58,0,Technology,10/14/2014
"Apple Smart Phone, with Caller ID",Oceania,766.87,114.97,0.4,Technology,10/18/2014
"Barricks Computer Table, with Bottom Storage",North Africa,2880.18,115.2,0,Furniture,12/27/2012
"Hoover Refrigerator, Red",South America,1403.36,449.04,0,Office Supplies,4/19/2014
"Hoover Stove, Red",Caribbean,1819.1,500.18,0.2,Office Supplies,08-08-2012
GBC Wire Binding Combs,Eastern US,49.63,16.75,0.2,Office Supplies,03-07-2012
"Bevis Coffee Table, Adjustable Height",Eastern Asia,2018.33,-576.91,0.3,Furniture,10/23/2012
"Ikea Classic Bookcase, Pine",Southern Asia,2065.5,41.25,0,Furniture,2/26/2012
"Brother Fax Machine, Laser",Eastern Asia,1274.16,382.2,0,Technology,03-11-2012
"Ikea Classic Bookcase, Mobile",Southern Asia,2485.62,795.24,0,Furniture,1/29/2015
"Breville Refrigerator, Silver",Northern Europe,1560.24,421.2,0,Office Supplies,6/18/2015
"Cisco Smart Phone, with Caller ID",Eastern Asia,3271.2,1341.15,0,Technology,12/29/2012
"Office Star Executive Leather Armchair, Red",Central America,751.49,-112.75,0.2,Furniture,01-11-2014
"Samsung Smart Phone, VoIP",Central America,2120.8,275.7,0,Technology,01-10-2014
"Panasonic Inkjet, Red",Western Europe,2102.83,321.55,0.15,Technology,02-04-2015
"Konica Receipt Printer, White",Western Europe,820.49,183.29,0.15,Technology,11-05-2012
"Verbatim 25 GB 6x Blu-ray Single Layer Recordable Disc, 25/Pack",Eastern US,91.96,39.54,0,Technology,09-09-2015
"Hamilton Beach Blender, Black",Eastern Africa,553.44,16.56,0,Office Supplies,9/24/2014
"Brother Fax Machine, Digital",Oceania,1718.17,610.81,0.1,Technology,6/26/2012
"Lesro Conference Table, Adjustable Height",Western Europe,2794.25,515.75,0.35,Furniture,09-02-2013
"Novimex Executive Leather Armchair, Red",Western Europe,1242.54,345.15,0.1,Furniture,6/19/2014
"Boston School Pro Electric Pencil Sharpener, 1670",Central US,99.14,8.67,0.2,Office Supplies,11/22/2015
"Nokia Smart Phone, Full Size",Eastern Asia,1274.7,165.66,0,Technology,12/22/2013
"Belkin Router, USB",North Africa,1553.76,730.26,0,Technology,10-01-2014
"Barricks Wood Table, with Bottom Storage",Central America,2205.57,689.09,0.2,Furniture,3/28/2015
Xerox 1994,Central US,15.55,5.44,0.2,Office Supplies,02-02-2014
"Motorola Smart Phone, with Caller ID",Western Europe,3227.7,742.35,0,Technology,12-02-2012
"Office Star Executive Leather Armchair, Adjustable",Southern Asia,1395,237.15,0,Furniture,06-01-2015
"Barricks Round Table, Adjustable Height",Western Europe,2291.84,-1128.44,0.35,Furniture,6/17/2015
"Bush Classic Bookcase, Mobile",Central Africa,1660.8,83.04,0,Furniture,11/15/2012
"Chromcraft Conference Table, Rectangular",Eastern Asia,2436.67,-487.37,0.3,Furniture,06-05-2014
Acme Forged Steel Scissors with Black Enamel Handles,Eastern US,18.62,5.4,0,Office Supplies,03-07-2012
"Harbour Creations Steel Folding Chair, Black",Eastern Europe,954.6,152.7,0,Furniture,8/18/2012
"KitchenAid Stove, Silver",Central America,1903,57,0,Office Supplies,03-11-2013
Xerox 1901,Central US,16.9,5.28,0.2,Office Supplies,11/22/2015
"Brother Fax Machine, Digital",Northern Europe,1590.9,508.95,0,Technology,08-06-2015
"Bush Library with Doors, Mobile",Western Asia,1467.36,469.44,0,Furniture,6/21/2015
"Safco Library with Doors, Pine",Southeastern Asia,1091.28,46.92,0.07,Furniture,01-01-2016
"Brother Wireless Fax, Digital",Central America,2014.36,419.8,0.002,Technology,9/28/2013
"Chromcraft Wood Table, Adjustable Height",Central Africa,3877.68,930.48,0,Furniture,2/23/2014
Acme Elite Stainless Steel Scissors,Central US,6.67,0.5,0.2,Office Supplies,11/22/2015
Telescoping Adjustable Floor Lamp,Central US,15.99,-13.99,0.6,Furniture,11/22/2015
"Apple Smart Phone, Cordless",Oceania,2863.35,858.9,0.1,Technology,11/26/2015
"Harbour Creations Executive Leather Armchair, Black",Southeastern Asia,2841.66,189.42,0.25,Furniture,9/29/2015
"StarTech Inkjet, Durable",Western Europe,765.46,-36.08,0.15,Technology,11-07-2015
"Hoover Refrigerator, White",Oceania,1887.84,0,0.1,Office Supplies,09-04-2015
Xerox 1952,Central US,14.94,7.02,0,Office Supplies,9/15/2013
"Binney & Smith Canvas, Blue",Canada,410.88,78,0,Office Supplies,1/21/2014
"Hamilton Beach Stove, White",Caribbean,1801.6,180.1,0,Office Supplies,4/20/2015
"Cisco Audio Dock, Full Size",Western Europe,779.28,-0.12,0.15,Technology,03-08-2014
"Epson Inkjet, Durable",North Africa,613.26,202.32,0,Technology,2/25/2012
Imation Bio 8GB USB Flash Drive Imation Corp,Western US,166.24,24.94,0,Technology,04-02-2013
"Hon Executive Leather Armchair, Red",Oceania,1837.56,275.52,0,Furniture,9/20/2015
"Hoover Stove, Red",Southern Europe,3979.29,1989.54,0,Office Supplies,07-11-2014
Tennsco Regal Shelving Units,Western US,304.23,9.13,0,Office Supplies,07-01-2013
"HP Wireless Fax, Laser",Central America,1198.3,165.6,0.002,Technology,01-01-2015
Xerox 1893,Southern US,163.96,59.44,0.2,Office Supplies,9/21/2015
"Ikea Classic Bookcase, Mobile",Oceania,1864.22,455.57,0.1,Furniture,02-02-2015
"Harbour Creations Executive Leather Armchair, Adjustable",Western Asia,1142.64,-571.32,0.6,Furniture,09-09-2012
"Dania Library with Doors, Traditional",Western Europe,1630.8,18,0.1,Furniture,2/21/2015
"Cisco Smart Phone, Cordless",Northern Europe,1172.66,-1172.74,0.7,Technology,06-02-2013
"Motorola Signal Booster, Full Size",Southern Asia,2021.88,323.4,0,Technology,01-04-2014
"Safco Library with Doors, Mobile",Central America,836.93,230.13,0.2,Furniture,11/25/2013
"Cisco Smart Phone, Full Size",Western Asia,1302.78,286.56,0,Technology,4/17/2015
"Breville Stove, Black",North Africa,2243.88,246.72,0,Office Supplies,08-07-2013
"Apple Speaker Phone, VoIP",Oceania,1221.56,325.61,0.1,Technology,11/22/2015
"Cuisinart Stove, White",Eastern Asia,1609.29,241.38,0,Office Supplies,12/16/2012
"Sharp Fax Machine, Laser",Oceania,1596.51,-53.37,0.1,Technology,6/23/2015
"Sanford Prismacolor Professional Thick Lead Art Pencils, 36-Color Set",Eastern US,89.86,21.34,0.2,Office Supplies,4/18/2015
"Sharp Fax and Copier, Digital",Eastern Asia,2018.88,928.44,0,Technology,5/25/2014
"Okidata Inkjet, Wireless",Southern Africa,1885.32,18.72,0,Technology,10-07-2015
"Chromcraft Computer Table, Adjustable Height",Northern Europe,3119.34,1528.38,0,Furniture,12/30/2012
"Dania Library with Doors, Pine",Western Europe,1964.25,21.69,0.1,Furniture,10-01-2015
"GBC Velobind Prepunched Cover Sets, Regency Series",Western US,88.75,27.74,0.2,Office Supplies,07-01-2013
"Hon Executive Leather Armchair, Red",Oceania,1653.8,-689.26,0.4,Furniture,8/28/2015
"Panasonic Inkjet, White",Western Asia,621,180.06,0,Technology,11/21/2015
"Sharp Fax Machine, Color",Southern Asia,2673.81,26.73,0,Technology,12-07-2013
"Sauder Classic Bookcase, Traditional",Southern Europe,1307.97,536.22,0,Furniture,09-06-2015
"Samsung Smart Phone, VoIP",Southern Europe,1145.23,-706.25,0.4,Technology,10-02-2015
Flat Face Poster Frame,Western US,94.2,39.56,0,Furniture,04-02-2015
"Sharp Wireless Fax, Color",Central America,1902.11,872.83,0.002,Technology,9/28/2013
"Canon Fax and Copier, Laser",Western Europe,1913.4,899.1,0,Technology,01-02-2016
"SAFCO Executive Leather Armchair, Set of Two",Eastern Africa,1854.72,778.92,0,Furniture,1/25/2015
"Office Star Executive Leather Armchair, Red",Western Europe,2958.98,953.27,0.1,Furniture,7/18/2014
"Hamilton Beach Stove, White",Eastern Asia,810.72,-599.94,0.5,Office Supplies,03-02-2012
"Dania Classic Bookcase, Metal",Western Europe,2953.58,754.7,0.1,Furniture,3/31/2015
"Breville Refrigerator, Black",Southern Europe,2593.8,1141.2,0,Office Supplies,06-06-2014
"Cuisinart Refrigerator, White",Southeastern Asia,2051.01,667.11,0.17,Office Supplies,03-12-2014
SAFCO Optional Arm Kit for Workspace Cribbage Stacking Chair,Central US,37.3,-1.07,0.3,Furniture,11/19/2012
"Brother Copy Machine, Color",Western Europe,1318.65,567,0,Technology,10/17/2015
"Samsung Speaker Phone, Full Size",Southeastern Asia,1120.77,55.89,0,Technology,5/22/2012
Belkin Standard 104 key USB Keyboard,Western US,46.69,-2.92,0.2,Technology,5/15/2013
"KitchenAid Stove, Silver",South America,3044.8,91.2,0,Office Supplies,09-03-2015
"Dania Library with Doors, Mobile",Western Europe,656.86,94.84,0.1,Furniture,6/22/2015
"HP Wireless Fax, Digital",Northern Europe,2518.95,1032.57,0,Technology,5/13/2015
"SAFCO Executive Leather Armchair, Set of Two",Western Africa,1669.25,-1558.15,0.7,Furniture,8/20/2014
"Bush Classic Bookcase, Traditional",Southern Europe,2476.08,1015.02,0,Furniture,6/27/2014
"Cisco Smart Phone, Full Size",Northern Europe,1302.78,286.56,0,Technology,1/24/2012
Xerox 1977,Western US,33.4,16.03,0,Office Supplies,04-02-2013
"Hon Wood Table, with Bottom Storage",Oceania,2125.32,148.68,0,Furniture,12-08-2015
"Cisco Smart Phone, Cordless",Northern Europe,1954.44,781.74,0,Technology,07-04-2014
"Motorola Smart Phone, Full Size",South America,856.92,222.76,0,Technology,5/26/2013
"Samsung Smart Phone, with Caller ID",Southeastern Asia,3696.03,756.87,0.17,Technology,12/14/2015
"Cisco Smart Phone, Cordless",Southern Asia,1302.96,182.4,0,Technology,12/15/2013
"Harbour Creations Executive Leather Armchair, Black",Western Asia,1136.66,-880.96,0.6,Furniture,03-07-2015
"Brother Fax Machine, Laser",Oceania,1720.12,382.18,0.1,Technology,6/29/2014
"Memorex Router, Bluetooth",Southeastern Asia,1043.93,-295.51,0.47,Technology,06-04-2015
"Konica Inkjet, Wireless",Western Africa,1253.76,200.52,0,Technology,10-02-2012
"Cuisinart Refrigerator, Black",Central America,2180.24,-690.54,0.4,Office Supplies,06-09-2014
"StarTech Printer, Wireless",Western Europe,1306.47,107.49,0.15,Technology,10/18/2014
GBC Wire Binding Combs,Western US,24.82,8.38,0.2,Office Supplies,12-10-2015
Staples,Western US,20.96,5.24,0,Office Supplies,07-01-2013
"Chromcraft Wood Table, Adjustable Height",Central America,775.54,213.22,0.2,Furniture,11/22/2015
"Hon Round Table, with Bottom Storage",Western Europe,2012.05,-1021.67,0.35,Furniture,11/13/2013
"Cisco Smart Phone, Full Size",Southeastern Asia,2166.9,391.5,0.17,Technology,06-12-2012
"Cisco Smart Phone, with Caller ID",Southern Asia,3271.2,1341.15,0,Technology,04-12-2015
"Canon Wireless Fax, Laser",Caribbean,755.81,195.35,0.002,Technology,10/20/2012
"Bush Library with Doors, Metal",Southern Africa,2182.68,327.24,0,Furniture,4/30/2013
"Motorola Smart Phone, Cordless",Eastern Asia,1285.56,51.42,0,Technology,09-02-2013
"Cisco Audio Dock, Cordless",Central America,1479.36,103.44,0,Technology,4/21/2013
"Bevis Conference Table, Fully Assembled",South America,740.18,-407.14,0.6,Furniture,12/22/2014
"Epson Inkjet, Durable",Northern Europe,1533.15,505.8,0,Technology,06-08-2014
"Barricks Training Table, Adjustable Height",Western Asia,2563.92,820.32,0,Furniture,07-01-2013
"Motorola Smart Phone, Full Size",Oceania,2897.91,901.56,0.1,Technology,8/20/2013
"KitchenAid Refrigerator, Black",Southern Asia,1582.11,-886.05,0.5,Office Supplies,8/18/2015
Zebra Zazzle Fluorescent Highlighters,Eastern US,14.59,2.55,0.2,Office Supplies,4/18/2015
"Cisco Smart Phone, with Caller ID",Central America,2616.96,26.16,0,Technology,09-09-2014
"Bevis Round Table, with Bottom Storage",Northern Europe,1399.11,108.78,0.1,Furniture,06-01-2015
"Hewlett Wireless Fax, Laser",Western Europe,3421.71,1060.56,0,Technology,07-01-2014
Xerox 196,Eastern US,13.87,5.03,0.2,Office Supplies,4/18/2015
"Samsung Signal Booster, VoIP",South America,820.08,98.28,0,Technology,05-10-2015
Zipper Ring Binder Pockets,Western US,14.98,5.43,0.2,Office Supplies,12-10-2015
"Sauder Corner Shelving, Mobile",Southern Asia,1198.56,359.52,0,Furniture,2/14/2015
"Chromcraft Conference Table, with Bottom Storage",Oceania,1832.61,-445.11,0.3,Furniture,12-05-2015
"Bush Classic Bookcase, Traditional",Western Europe,1857.06,639.51,0.1,Furniture,8/29/2013
"Safco Classic Bookcase, Traditional",Central Africa,1752.6,455.64,0,Furniture,08-08-2015
"Bevis Conference Table, Fully Assembled",Southern Asia,1850.46,259.02,0,Furniture,11/30/2014
"Office Star Executive Leather Armchair, Black",Eastern Asia,2337.15,1098.45,0,Furniture,8/22/2012
"Sauder Floating Shelf Set, Mobile",Northern Europe,788.4,291.6,0,Furniture,3/13/2015
"Epson Card Printer, White",Western Europe,715.53,100.98,0.15,Technology,04-07-2014
Canon Image Class D660 Copier,Western US,2999.95,1379.98,0,Technology,1/28/2015
"Bevis Round Table, Rectangular",Southern Asia,3094.56,1423.44,0,Furniture,5/22/2015
"Brother Ink, Laser",Central America,882.03,148.35,0.002,Technology,4/25/2014
Tennsco Single-Tier Lockers,Western US,1126.02,56.3,0,Office Supplies,1/28/2015
"Lesro Round Table, Adjustable Height",Oceania,953.82,-81.81,0.3,Furniture,9/16/2013
"Dania Classic Bookcase, Metal",Southern Asia,2871.54,57.33,0,Furniture,9/28/2015
"Samsung Smart Phone, with Caller ID",Southern Asia,2544.6,865.08,0,Technology,10-09-2013
"Okidata Printer, White",Southeastern Asia,886.14,106.74,0.17,Technology,10/31/2015
"Epson Receipt Printer, Red",Southeastern Asia,473.85,-5.85,0.17,Technology,11/24/2012
"Brother Ink, Laser",Western Africa,1767.6,0,0,Technology,12/13/2015
"Ikea Library with Doors, Mobile",Central America,780.61,-0.03,0.2,Furniture,12-09-2012
Global Deluxe High-Back Manager's Chair,Central US,600.56,-8.58,0.3,Furniture,12/27/2012
"Hamilton Beach Stove, Red",Southern Europe,2711.7,1220.25,0,Office Supplies,12/17/2014
"Breville Microwave, Red",Northern Europe,2111.97,190.05,0,Office Supplies,4/18/2015
"Office Star Swivel Stool, Set of Two",Southeastern Asia,1189.28,-396.43,0.25,Furniture,12/24/2015
"Nokia Smart Phone, Cordless",Southern Asia,1908.45,534.33,0,Technology,9/20/2014
Global Comet Stacking Armless Chair,Eastern US,897.15,251.2,0,Furniture,12-07-2015
Xerox 1919,Western US,163.96,80.34,0,Office Supplies,05-06-2015
"Barricks Computer Table, Fully Assembled",Southeastern Asia,1854.93,-1294.35,0.57,Furniture,12/28/2013
"Epson Inkjet, Wireless",Eastern Asia,924.66,397.53,0,Technology,10/14/2014
"Barricks Round Table, Fully Assembled",Eastern Asia,1760.43,-326.97,0.3,Furniture,4/27/2013
"Samsung Signal Booster, Full Size",Eastern Europe,827.28,397.08,0,Technology,6/23/2015
"Hoover Stove, White",Caribbean,1510.96,509.86,0.2,Office Supplies,12-03-2013
"Brother Copy Machine, High-Speed",Southern Asia,2098.32,860.16,0,Technology,07-02-2015
"Barricks Conference Table, Fully Assembled",South America,1938.24,-96.96,0.2,Furniture,6/28/2015
"Konica Printer, Wireless",Southern Europe,803.52,-495.63,0.4,Technology,9/19/2013
"SAFCO Executive Leather Armchair, Adjustable",Southern Asia,1391.76,97.38,0,Furniture,12-02-2014
KeyTronic 6101 Series - Keyboard - Black,Eastern US,163.96,70.5,0,Technology,11/19/2015
"Rogers Lockers, Blue",Oceania,952.29,-53.01,0.1,Office Supplies,7/25/2015
"Ikea Library with Doors, Mobile",Southern Europe,2927.28,146.16,0,Furniture,09-08-2015
"Eldon Expressions Punched Metal & Wood Desk Accessories, Pewter & Cherry",Eastern US,51.07,5.11,0.2,Furniture,6/18/2013
Advantus Rolling Storage Box,Western US,51.45,13.89,0,Office Supplies,1/28/2015
Xerox 214,Eastern US,19.44,9.33,0,Office Supplies,12-07-2015
"Breville Microwave, Silver",Southern Asia,2117.22,-1736.28,0.5,Office Supplies,1/22/2015
"Novimex Executive Leather Armchair, Black",Southeastern Asia,2747.7,82.26,0,Furniture,07-01-2015
"Ikea 3-Shelf Cabinet, Mobile",Southeastern Asia,1014.72,141.96,0,Furniture,1/25/2013
"Motorola Speaker Phone, Cordless",Southern Asia,1591.56,79.56,0,Technology,07-12-2013
"Panasonic Printer, Durable",Central America,533.22,69.3,0,Technology,11/29/2012
"Nokia Smart Phone, Full Size",South America,2124.5,488.6,0,Technology,12-01-2015
"Rogers Lockers, Blue",Southeastern Asia,1053.87,-152.49,0.17,Office Supplies,12-09-2013
"1/4 Fold Party Design Invitations & White Envelopes, 24 8-1/2"" X 11"" Cards, 25 Env./Pack",Eastern US,5.88,1.98,0.2,Office Supplies,11/21/2012
"Panasonic Inkjet, Durable",Northern Europe,1248.84,249.72,0,Technology,12/21/2013
"Sauder Classic Bookcase, Pine",Central America,2040.92,959.14,0,Furniture,11/25/2014
"Eldon Lockers, Blue",Western Europe,1068.71,-0.13,0.1,Office Supplies,09-04-2015
"Safco Classic Bookcase, Metal",South America,875.22,139.98,0,Furniture,5/16/2015
"Enermax Router, Programmable",Oceania,1403.08,296.08,0.1,Technology,11-09-2014
"Sauder Classic Bookcase, Traditional",Eastern Europe,1743.96,714.96,0,Furniture,11-12-2012
"Konica Printer, Durable",Western Asia,1071.84,310.8,0,Technology,04-11-2014
"Epson Inkjet, Wireless",Southern Europe,925.02,-447.18,0.4,Technology,6/13/2015
"Office Star Executive Leather Armchair, Black",South America,1682.75,-813.49,0.4,Furniture,6/15/2014
"Sauder Library with Doors, Pine",Eastern Asia,1944.9,291.6,0,Furniture,07-09-2015
"Canon Wireless Fax, Color",Southern Asia,3040.8,1155.36,0,Technology,05-05-2014
Colorific Watercolor Pencils,Eastern US,15.48,4.49,0,Office Supplies,07-08-2013
"Brother Wireless Fax, High-Speed",Central America,1003.35,178.95,0.002,Technology,11-08-2013
Great White Multi-Use Recycled Paper (20Lb. and 84 Bright),Western US,11.96,5.38,0,Office Supplies,1/28/2015
"Eldon File Cart, Single Width",Oceania,808.73,-0.19,0.1,Office Supplies,9/17/2012
"Sharp Fax Machine, Laser",Western Europe,2764.33,-195.44,0.15,Technology,01-01-2015
Premier Automatic Letter Opener,Southern US,961.48,-204.31,0.2,Office Supplies,12/21/2014
"Hon Executive Leather Armchair, Black",Eastern Europe,457.14,169.14,0,Furniture,09-04-2015
GBC VeloBinder Electric Binding Machine,Southern US,254.06,-169.37,0.7,Office Supplies,12/21/2014
"Okidata Printer, Wireless",Oceania,1933.2,-128.88,0.1,Technology,6/29/2014
"Safco Library with Doors, Pine",Western Europe,704.05,312.91,0.1,Furniture,6/27/2012
"Breville Microwave, Black",Western Europe,1355.13,-60.27,0.1,Office Supplies,9/26/2015
"Situations Contoured Folding Chairs, 4/Set",Eastern US,99.37,-7.1,0.3,Furniture,03-07-2013
"Acco 7-Outlet Masterpiece Power Center, Wihtout Fax/Phone Line Protection",Southern US,194.53,24.32,0.2,Office Supplies,12/21/2014
"Office Star Executive Leather Armchair, Adjustable",Eastern Asia,2819.52,338.22,0,Furniture,10-08-2014
"Motorola Smart Phone, Cordless",Eastern Asia,2571.12,102.84,0,Technology,11/15/2013
"Memorex Router, Erganomic",Central Africa,976.08,292.8,0,Technology,1/29/2013
"Cisco Signal Booster, with Caller ID",Oceania,607.32,115.32,0,Technology,12/22/2013
"Ames Business Envelopes, Security-Tint",Canada,87.84,29.7,0,Office Supplies,08-12-2012
36X48 HARDFLOOR CHAIRMAT,Eastern US,33.57,-5.45,0.2,Furniture,03-07-2013
"Hon Executive Leather Armchair, Adjustable",Central America,1697.58,-63.76,0.2,Furniture,12/21/2015
"Bush Classic Bookcase, Traditional",Eastern Asia,2063.4,123.75,0,Furniture,11/21/2012
"HP Personal Copier, Digital",Western Europe,632.04,7.26,0.15,Technology,10/20/2014
"Bush Classic Bookcase, Mobile",Eastern Asia,2906.4,1220.52,0,Furniture,10/13/2015
"Lesro Conference Table, with Bottom Storage",Southern Asia,2572.74,1080.54,0,Furniture,3/30/2015
Avery Recycled Flexi-View Covers for Binding Systems,Central US,16.03,-25.65,0.8,Office Supplies,11-08-2015
"KitchenAid Refrigerator, Red",Western Europe,1583.82,126.63,0,Office Supplies,01-03-2014
DXL Angle-View Binders with Locking Rings by Samsill,Eastern US,24.67,7.71,0.2,Office Supplies,8/30/2015
Acco Translucent Poly Ring Binders,Eastern US,3.74,1.31,0.2,Office Supplies,8/30/2015
"Novimex Executive Leather Armchair, Red",Oceania,1656.72,-110.52,0.1,Furniture,4/13/2015
"Hewlett Fax Machine, Laser",Oceania,2015.5,850.84,0.1,Technology,10-05-2015
"Epson Inkjet, Wireless",Southern Europe,2219.18,24.62,0.1,Technology,11/17/2013
"Brother Fax Machine, High-Speed",Oceania,2533.92,278.64,0,Technology,10/20/2015
"Hon Wood Table, Rectangular",Central America,1410.4,-88.2,0.2,Furniture,12-07-2015
"Chromcraft Computer Table, with Bottom Storage",Eastern Asia,1773.72,44.22,0.2,Furniture,10/25/2013
"Nokia Signal Booster, Full Size",Western Africa,1377.9,289.2,0,Technology,9/25/2012
"Motorola Smart Phone, with Caller ID",Central America,2582.16,516.36,0,Technology,11/17/2012
Digium D40 VoIP phone,Eastern US,773.94,224.44,0,Technology,12-09-2013
"Cisco Audio Dock, Cordless",Western Europe,1257.46,-29.66,0.15,Technology,3/15/2013
Office Impressions Heavy Duty Welded Shelving & Multimedia Storage Drawers,Western US,1003.62,0,0,Office Supplies,01-01-2016
"Novimex Executive Leather Armchair, Adjustable",Central America,2429.44,534.4,0,Furniture,12/30/2012
"Trav-L-File Heavy-Duty Shuttle II, Black",Southern US,348.56,104.57,0,Office Supplies,10/16/2015
"Dania Library with Doors, Metal",Western Europe,977.02,271.33,0.1,Furniture,02-04-2015
"SAFCO Executive Leather Armchair, Black",Western Europe,2891.7,1188.81,0.1,Furniture,11/18/2014
GBC DocuBind 300 Electric Binding Machine,Southern US,1577.94,757.41,0,Office Supplies,09-07-2015
"Canon Wireless Fax, Digital",Oceania,2042.82,-136.26,0.1,Technology,8/19/2013
"HP Fax Machine, Laser",South America,997.8,327.9,0.002,Technology,7/16/2015
"Okidata Card Printer, White",Oceania,1411.34,486.05,0.1,Technology,1/17/2013
"Ikea Classic Bookcase, Traditional",Southern Asia,1647,625.8,0,Furniture,4/25/2013
"Dania Library with Doors, Mobile",Oceania,1313.71,102.07,0.1,Furniture,10/17/2014
"HP Wireless Fax, Laser",Oceania,972.57,194.43,0.1,Technology,05-10-2013
"Canon Fax Machine, Laser",Eastern Asia,1273.56,573,0,Technology,08-07-2012
"Nokia Smart Phone, Full Size",Western Europe,1908.18,820.44,0,Technology,12/20/2012
Panasonic KX TS208W Corded phone,Central US,195.96,19.6,0.2,Technology,11/28/2015
"Ikea Library with Doors, Traditional",Oceania,2398.37,-1479.13,0.4,Furniture,11/18/2012
"Epson Card Printer, Durable",Eastern Europe,680.28,231.24,0,Technology,11-08-2013
"Hewlett Fax Machine, Color",Northern Europe,964.08,337.41,0,Technology,01-09-2013
Wilson SignalBoost 841262 DB PRO Amplifier Kit,Western US,575.92,71.99,0.2,Technology,12-05-2012
"Hewlett Wireless Fax, Digital",Oceania,1709.24,588.74,0.1,Technology,9/26/2012
"Chromcraft Round Table, Rectangular",Western Asia,929.34,65.04,0,Furniture,8/30/2013
"Green Canvas Binder for 8-1/2"" x 14"" Sheets",Western US,171.2,64.2,0.2,Office Supplies,3/16/2015
Microsoft Sculpt Comfort Mouse,Western US,79.9,35.16,0,Technology,11/15/2013
"Hewlett Wireless Fax, High-Speed",Oceania,2383.86,794.58,0.1,Technology,6/21/2015
"Canon Wireless Fax, Digital",Northern Europe,1891.5,832.2,0,Technology,06-11-2013
"KitchenAid Stove, Red",Caribbean,912.24,68.4,0.2,Office Supplies,05-04-2014
"Sharp Wireless Fax, Laser",Central America,947.22,377.7,0.002,Technology,10-05-2014
"Safco Classic Bookcase, Mobile",Northern Europe,1983.02,616.82,0.1,Furniture,12/18/2012
"Motorola Smart Phone, Full Size",Central America,2146.6,429.3,0,Technology,10/29/2013
"Brother Fax Machine, Color",Southern Europe,2879.82,1295.73,0,Technology,2/25/2014
"Barricks Round Table, Rectangular",Western Europe,1622.01,-623.94,0.35,Furniture,09-12-2015
"Cuisinart Microwave, Red",Western Europe,1503.68,284,0.1,Office Supplies,10/19/2014
Pressboard Data Binders by Wilson Jones,Eastern US,21.36,7.21,0.2,Office Supplies,12-09-2013
"Cuisinart Stove, Red",Southeastern Asia,893.56,247.6,0.17,Office Supplies,10/18/2014
"Lesro Conference Table, with Bottom Storage",Caribbean,1143.44,320.16,0,Furniture,3/14/2015
"Canon Wireless Fax, Color",North Africa,2280.6,136.8,0,Technology,9/21/2015
"Hoover Refrigerator, Black",South America,1401.84,126.16,0,Office Supplies,11-05-2012
"Epson Printer, White",Western Europe,2088.24,83.52,0,Technology,10-06-2015
"Dania Floating Shelf Set, Metal",Southern Asia,2194.53,438.75,0,Furniture,7/13/2015
"Rogers Lockers, Industrial",Western Europe,1527.12,474.96,0.1,Office Supplies,3/19/2013
"Cuisinart Microwave, Black",Eastern Asia,972.62,-486.47,0.5,Office Supplies,6/15/2014
"Panasonic Printer, White",Western Europe,794.7,174.78,0,Technology,09-03-2014
"Novimex Executive Leather Armchair, Red",Southeastern Asia,2761.2,110.34,0,Furniture,5/28/2014
"Bush Classic Bookcase, Pine",Eastern Europe,3312.24,1622.88,0,Furniture,07-03-2012
"Sauder Library with Doors, Metal",Central America,825.79,41.23,0.2,Furniture,12/13/2012
Staples,Western US,30.4,15.2,0,Office Supplies,12-05-2012
"Nokia Smart Phone, Full Size",Southern Asia,3180.3,381.6,0,Technology,8/17/2014
"Office Star Executive Leather Armchair, Adjustable",Eastern Asia,1860,316.2,0,Furniture,09-12-2013
"Motorola Smart Phone, with Caller ID",Southern Asia,2582.16,361.44,0,Technology,6/17/2014
"Motorola Audio Dock, Cordless",Southeastern Asia,881.1,184.95,0,Technology,10/24/2014
"Nokia Smart Phone, Cordless",Western Europe,1622.18,324.38,0.15,Technology,6/15/2014
"Konica Inkjet, White",Northern Europe,1677.19,521.77,0.1,Technology,9/22/2013
"Apple Audio Dock, VoIP",Eastern Asia,1001.88,230.4,0,Technology,5/17/2015
"Speediset Carbonless Redi-Letter 7"" x 8 1/2""",Southern US,16.5,5.57,0.2,Office Supplies,2/27/2014
"Hoover Microwave, Black",Northern Europe,554.53,-0.05,0.1,Office Supplies,12-12-2012
"Samsung Smart Phone, VoIP",Central America,2120.8,275.7,0,Technology,10/22/2014
"Cisco Signal Booster, Full Size",Southern Asia,1531.2,45.9,0,Technology,12-04-2014
"Canon Copy Machine, Laser",Western Asia,1572.84,141.48,0,Technology,12/28/2015
"Dania Classic Bookcase, Pine",Southern Asia,1236.33,519.21,0,Furniture,02-10-2013
Avery Durable Slant Ring Binders With Label Holder,Eastern US,6.69,2.34,0.2,Office Supplies,12-09-2013
"Hewlett Wireless Fax, Digital",Eastern Asia,759.66,311.46,0,Technology,8/29/2015
"Chromcraft Round Table, Fully Assembled",Oceania,2951.99,-632.8,0.3,Furniture,2/15/2014
Newell 323,Western US,3.36,0.87,0,Office Supplies,3/16/2015
"Chromcraft Wood Table, with Bottom Storage",Western Europe,627.28,-135.14,0.35,Furniture,5/13/2012
Avaya IP Phone 1140E VoIP phone,Southern US,1394.95,362.69,0,Technology,10/19/2012
"Cisco Speaker Phone, with Caller ID",Southern Europe,553.92,22.08,0,Technology,8/14/2014
"Motorola Smart Phone, with Caller ID",Western Europe,3873.24,890.82,0,Technology,6/30/2015
"Brother Copy Machine, Color",Eastern Asia,791.19,126.54,0,Technology,02-01-2015
"Ikea Classic Bookcase, Traditional",Eastern Asia,2470.5,518.76,0,Furniture,5/30/2015
"Apple Smart Phone, Full Size",Central America,2120.7,63.6,0,Technology,10/27/2012
"Bush Corner Shelving, Mobile",Oceania,759.06,15.12,0,Furniture,1/30/2015
"Hoover Refrigerator, Silver",Eastern Asia,1581.03,790.47,0,Office Supplies,5/24/2014
"Hewlett Copy Machine, Laser",Southeastern Asia,1161.2,-147.52,0.37,Technology,8/14/2012
"Hewlett Fax Machine, Color",Eastern Africa,642.72,224.94,0,Technology,05-04-2012
"Cisco Smart Phone, with Caller ID",Central America,1308.48,13.08,0,Technology,8/27/2014
"Chromcraft Computer Table, with Bottom Storage",Southern Asia,3547.44,780.24,0,Furniture,10-07-2013
"Dania Library with Doors, Traditional",Eastern Asia,724.8,333.36,0,Furniture,6/26/2014
"Global Adaptabilites Bookcase, Cherry/Storm Gray Finish",Western US,1292.94,77.58,0,Furniture,9/22/2015
"Novimex Rocking Chair, Adjustable",South America,803.52,80.28,0,Furniture,4/24/2015
"Gould Plastics 18-Pocket Panel Bin, 34w x 5-1/4d x 20-1/2h",Southern US,275.97,11.04,0,Office Supplies,10/19/2012
"Lesro Training Table, Adjustable Height",Central America,1011.7,126.34,0.2,Furniture,3/30/2015
"Barricks Wood Table, Fully Assembled",Caribbean,2419.2,411.18,0,Furniture,09-12-2015
"Breville Microwave, Black",Caribbean,803.04,180.64,0.2,Office Supplies,11/20/2014
"Chromcraft Computer Table, with Bottom Storage",Caribbean,1773.72,212.76,0,Furniture,10/20/2015
"Canon Wireless Fax, Laser",Northern Europe,1893.3,927.6,0,Technology,03-12-2013
"Hewlett Fax and Copier, Color",Northern Europe,777.24,170.88,0,Technology,4/16/2015
"Tenex Trays, Industrial",Oceania,689.09,-53.89,0.1,Office Supplies,6/20/2013
"Apple Signal Booster, with Caller ID",Northern Europe,737.91,-8.37,0.1,Technology,7/14/2012
"Motorola Smart Phone, Full Size",Western Europe,2570.76,976.8,0,Technology,06-04-2014
"HP Fax Machine, Laser",Northern Europe,1199.76,479.88,0,Technology,6/20/2014
"Sharp Wireless Fax, Color",Eastern Asia,3216.24,96.39,0,Technology,3/29/2015
"Barricks Computer Table, Fully Assembled",South America,1274.24,-127.46,0.2,Furniture,9/16/2012
"Cuisinart Stove, White",Northern Europe,2145.72,364.68,0,Office Supplies,9/25/2013
"Global Wood Trimmed Manager's Task Chair, Khaki",Southern US,545.88,70.96,0,Furniture,10/19/2012
"Office Star Swivel Stool, Adjustable",Eastern Asia,882.15,114.6,0,Furniture,12/19/2012
Green Bar Computer Printout Paper,Western US,164.88,80.79,0,Office Supplies,9/22/2015
"Smead Lockers, Industrial",Western Europe,895.05,178.95,0.1,Office Supplies,8/20/2012
"Cisco Smart Phone, with Caller ID",Western Asia,1570.18,104.62,0.4,Technology,9/28/2013
"Bevis Wood Table, with Bottom Storage",Eastern Asia,2614.69,-821.96,0.3,Furniture,04-05-2015
Belkin 8-Outlet Premiere SurgeMaster II Surge Protectors,Western US,69.48,20.84,0,Office Supplies,12/13/2015
"Canon Fax Machine, Laser",Oceania,636.78,286.5,0,Technology,10/19/2014
"Bush Classic Bookcase, Traditional",South America,2751.2,110,0,Furniture,1/26/2014
"Nokia Smart Phone, Full Size",Southeastern Asia,1587,-76.56,0.17,Technology,12/14/2015
